erp_cust_num,legal_entity_name,tax_identification,duns_num,street_address,city,country_iso,finance_email
ERP-450001,PINNACLE SOLUTIONS PRIVATE LIMITED,SG-TAX-131244,746412689,433 Industrial Ave,Singapore,SG,billing@pinnaclesolutions.com
ERP-450006,FUTURE CORP PRIVATE LIMITED,SG-TAX-575435,481469012,390 Innovation Dr,Singapore,SG,billing@futurecorp.com
ERP-450007,ABC SOLUTIONS PRIVATE LIMITED,SG-TAX-271339,787194506,547 Market St,Singapore,SG,billing@abcsolutions.com
ERP-450008,GLOBAL HOLDINGS PRIVATE LIMITED,SG-TAX-944151,326541099,235 Industrial Ave,Singapore,SG,billing@globalholdings.com
ERP-450009,QUANTUM HOLDINGS PRIVATE LIMITED,SG-TAX-514850,249926919,672 Tech Park,Singapore,SG,billing@quantumholdings.com
ERP-450010,QUANTUM GROUP PRIVATE LIMITED,SG-TAX-329974,911514914,409 Innovation Dr,Singapore,SG,billing@quantumgroup.com
ERP-450011,DYNAMIC GROUP PRIVATE LIMITED,SG-TAX-724834,694021782,395 Tech Park,Singapore,SG,billing@dynamicgroup.com
ERP-450012,ALPHA SOLUTIONS PRIVATE LIMITED,SG-TAX-905934,566825638,769 Innovation Dr,Singapore,SG,billing@alphasolutions.com
ERP-450013,XYZ LOGISTICS PRIVATE LIMITED,SG-TAX-632342,786066793,781 Market St,Singapore,SG,billing@xyzlogistics.com
ERP-450015,SUMMIT COMPONENTS PRIVATE LIMITED,SG-TAX-972064,358633898,952 Innovation Dr,Singapore,SG,billing@summitcomponents.com
ERP-450016,BETA SOLUTIONS PRIVATE LIMITED,SG-TAX-897549,610330567,836 Industrial Ave,Singapore,SG,billing@betasolutions.com
ERP-450018,APEX HOLDINGS PRIVATE LIMITED,SG-TAX-226882,122585366,922 Tech Park,Singapore,SG,billing@apexholdings.com
ERP-450019,GLOBAL NETWORKS PRIVATE LIMITED,SG-TAX-842225,133729406,8 Industrial Ave,Singapore,SG,billing@globalnetworks.com
ERP-450021,QUANTUM ENTERPRISES PRIVATE LIMITED,SG-TAX-946721,807577342,804 Tech Park,Singapore,SG,billing@quantumenterprises.com
ERP-450022,APEX GROUP PRIVATE LIMITED,SG-TAX-806073,532311310,885 Industrial Ave,Singapore,SG,billing@apexgroup.com
ERP-450023,DYNAMIC SOLUTIONS PRIVATE LIMITED,SG-TAX-662336,399085574,197 Market St,Singapore,SG,billing@dynamicsolutions.com
ERP-450026,DYNAMIC ENTERPRISES PRIVATE LIMITED,SG-TAX-262316,162795957,434 Tech Park,Singapore,SG,billing@dynamicenterprises.com
ERP-450029,GLOBAL NETWORKS PRIVATE LIMITED,SG-TAX-539589,439699535,41 Industrial Ave,Singapore,SG,billing@globalnetworks.com
ERP-450030,GLOBAL HOLDINGS PRIVATE LIMITED,SG-TAX-237235,439492674,272 Tech Park,Singapore,SG,billing@globalholdings.com
ERP-450031,BETA COMPONENTS PRIVATE LIMITED,SG-TAX-176819,242224154,637 Industrial Ave,Singapore,SG,billing@betacomponents.com
ERP-450033,DYNAMIC INDUSTRIES PRIVATE LIMITED,SG-TAX-795613,214929002,684 Innovation Dr,Singapore,SG,billing@dynamicindustries.com
ERP-450036,TECH SYSTEMS PRIVATE LIMITED,SG-TAX-688153,841976666,565 Tech Park,Singapore,SG,billing@techsystems.com
ERP-450037,PINNACLE COMPONENTS PRIVATE LIMITED,SG-TAX-550664,954829815,597 Market St,Singapore,SG,billing@pinnaclecomponents.com
ERP-450040,APEX CORP PRIVATE LIMITED,SG-TAX-501124,976803188,164 Industrial Ave,Singapore,SG,billing@apexcorp.com
ERP-450041,INNOVATE LOGISTICS PRIVATE LIMITED,SG-TAX-792094,174539964,229 Industrial Ave,Singapore,SG,billing@innovatelogistics.com
ERP-450042,TECH HOLDINGS PRIVATE LIMITED,SG-TAX-128941,385042337,410 Innovation Dr,Singapore,SG,billing@techholdings.com
ERP-450043,DYNAMIC HOLDINGS PRIVATE LIMITED,SG-TAX-503906,861052404,621 Industrial Ave,Singapore,SG,billing@dynamicholdings.com
ERP-450045,BETA LOGISTICS PRIVATE LIMITED,SG-TAX-442027,236674237,317 Tech Park,Singapore,SG,billing@betalogistics.com
ERP-450046,XYZ SYSTEMS PRIVATE LIMITED,SG-TAX-674553,325681936,309 Tech Park,Singapore,SG,billing@xyzsystems.com
ERP-450047,QUANTUM NETWORKS PRIVATE LIMITED,SG-TAX-563638,952266893,477 Tech Park,Singapore,SG,billing@quantumnetworks.com
ERP-450050,XYZ COMPONENTS PRIVATE LIMITED,SG-TAX-329471,153921577,798 Tech Park,Singapore,SG,billing@xyzcomponents.com
ERP-450051,FUTURE SOLUTIONS PRIVATE LIMITED,SG-TAX-800005,910943524,137 Tech Park,Singapore,SG,billing@futuresolutions.com
ERP-450052,QUANTUM INDUSTRIES PRIVATE LIMITED,SG-TAX-266889,907214179,851 Tech Park,Singapore,SG,billing@quantumindustries.com
ERP-450053,PINNACLE ENTERPRISES PRIVATE LIMITED,SG-TAX-181247,460613550,282 Tech Park,Singapore,SG,billing@pinnacleenterprises.com
ERP-450054,GLOBAL GROUP PRIVATE LIMITED,SG-TAX-167348,600282414,724 Market St,Singapore,SG,billing@globalgroup.com
ERP-450055,GLOBAL GROUP PRIVATE LIMITED,SG-TAX-998348,106330865,927 Industrial Ave,Singapore,SG,billing@globalgroup.com
ERP-450056,TECH GROUP PRIVATE LIMITED,SG-TAX-611945,131165166,552 Market St,Singapore,SG,billing@techgroup.com
ERP-450058,ABC COMPONENTS PRIVATE LIMITED,SG-TAX-242291,507059676,659 Tech Park,Singapore,SG,billing@abccomponents.com
ERP-450059,APEX LOGISTICS PRIVATE LIMITED,SG-TAX-593152,475767056,259 Industrial Ave,Singapore,SG,billing@apexlogistics.com
ERP-450060,ALPHA COMPONENTS PRIVATE LIMITED,SG-TAX-751517,818825964,205 Industrial Ave,Singapore,SG,billing@alphacomponents.com
ERP-450065,XYZ INDUSTRIES PRIVATE LIMITED,SG-TAX-587455,446071904,631 Tech Park,Singapore,SG,billing@xyzindustries.com
ERP-450066,FUTURE SOLUTIONS PRIVATE LIMITED,SG-TAX-355709,817461907,903 Tech Park,Singapore,SG,billing@futuresolutions.com
ERP-450070,XYZ INDUSTRIES PRIVATE LIMITED,SG-TAX-384076,874473159,361 Tech Park,Singapore,SG,billing@xyzindustries.com
ERP-450072,TECH SOLUTIONS PRIVATE LIMITED,SG-TAX-478411,673523188,304 Market St,Singapore,SG,billing@techsolutions.com
ERP-450073,TECH SYSTEMS PRIVATE LIMITED,SG-TAX-701949,465830215,106 Industrial Ave,Singapore,SG,billing@techsystems.com
ERP-450075,BETA CORP PRIVATE LIMITED,SG-TAX-735770,661107986,572 Tech Park,Singapore,SG,billing@betacorp.com
ERP-450077,GAMMA CORP PRIVATE LIMITED,SG-TAX-264136,737599912,566 Industrial Ave,Singapore,SG,billing@gammacorp.com
ERP-450079,DYNAMIC NETWORKS PRIVATE LIMITED,SG-TAX-671015,385220694,436 Industrial Ave,Singapore,SG,billing@dynamicnetworks.com
ERP-450081,SUMMIT LOGISTICS PRIVATE LIMITED,SG-TAX-624783,742136977,966 Innovation Dr,Singapore,SG,billing@summitlogistics.com
ERP-450082,TECH COMPONENTS PRIVATE LIMITED,SG-TAX-901909,919382051,235 Industrial Ave,Singapore,SG,billing@techcomponents.com
ERP-450085,APEX INDUSTRIES PRIVATE LIMITED,SG-TAX-429795,929517022,466 Industrial Ave,Singapore,SG,billing@apexindustries.com
ERP-450086,PINNACLE COMPONENTS PRIVATE LIMITED,SG-TAX-156837,912224654,474 Tech Park,Singapore,SG,billing@pinnaclecomponents.com
ERP-450087,SUMMIT COMPONENTS PRIVATE LIMITED,SG-TAX-402020,130998324,274 Market St,Singapore,SG,billing@summitcomponents.com
ERP-450088,QUANTUM CORP PRIVATE LIMITED,SG-TAX-679077,221827951,319 Industrial Ave,Singapore,SG,billing@quantumcorp.com
ERP-450089,BETA SYSTEMS PRIVATE LIMITED,SG-TAX-633590,618079974,956 Innovation Dr,Singapore,SG,billing@betasystems.com
ERP-450093,XYZ CORP PRIVATE LIMITED,SG-TAX-997594,899621068,393 Market St,Singapore,SG,billing@xyzcorp.com
ERP-450094,DYNAMIC GROUP PRIVATE LIMITED,SG-TAX-619389,733701411,680 Market St,Singapore,SG,billing@dynamicgroup.com
ERP-450095,BETA INDUSTRIES PRIVATE LIMITED,SG-TAX-529893,939156387,16 Market St,Singapore,SG,billing@betaindustries.com
ERP-450098,XYZ SOLUTIONS PRIVATE LIMITED,SG-TAX-565230,131081879,101 Industrial Ave,Singapore,SG,billing@xyzsolutions.com
ERP-450099,INNOVATE GROUP PRIVATE LIMITED,SG-TAX-693418,184791618,251 Tech Park,Singapore,SG,billing@innovategroup.com
ERP-450100,APEX NETWORKS PRIVATE LIMITED,SG-TAX-343467,374154962,510 Market St,Singapore,SG,billing@apexnetworks.com
ERP-450102,SUMMIT LOGISTICS PRIVATE LIMITED,SG-TAX-211834,717199615,394 Tech Park,Singapore,SG,billing@summitlogistics.com
ERP-450105,ABC SYSTEMS PRIVATE LIMITED,SG-TAX-423939,491766764,926 Industrial Ave,Singapore,SG,billing@abcsystems.com
ERP-450109,APEX INDUSTRIES PRIVATE LIMITED,SG-TAX-114594,495765839,93 Tech Park,Singapore,SG,billing@apexindustries.com
ERP-450110,ABC LOGISTICS PRIVATE LIMITED,SG-TAX-213609,765233376,391 Innovation Dr,Singapore,SG,billing@abclogistics.com
ERP-450112,ALPHA LOGISTICS PRIVATE LIMITED,SG-TAX-346205,498370582,119 Industrial Ave,Singapore,SG,billing@alphalogistics.com
ERP-450114,TECH COMPONENTS PRIVATE LIMITED,SG-TAX-566297,836243579,223 Tech Park,Singapore,SG,billing@techcomponents.com
ERP-450115,ALPHA GROUP PRIVATE LIMITED,SG-TAX-989227,327746886,195 Industrial Ave,Singapore,SG,billing@alphagroup.com
ERP-450116,QUANTUM COMPONENTS PRIVATE LIMITED,SG-TAX-355400,991010113,806 Innovation Dr,Singapore,SG,billing@quantumcomponents.com
ERP-450120,XYZ SOLUTIONS PRIVATE LIMITED,SG-TAX-638169,337887233,460 Innovation Dr,Singapore,SG,billing@xyzsolutions.com
ERP-450121,ALPHA INDUSTRIES PRIVATE LIMITED,SG-TAX-163780,215923129,470 Industrial Ave,Singapore,SG,billing@alphaindustries.com
ERP-450123,XYZ HOLDINGS PRIVATE LIMITED,SG-TAX-575755,951580447,612 Innovation Dr,Singapore,SG,billing@xyzholdings.com
ERP-450125,INNOVATE LOGISTICS PRIVATE LIMITED,SG-TAX-820184,191659287,977 Market St,Singapore,SG,billing@innovatelogistics.com
ERP-450126,DYNAMIC SYSTEMS PRIVATE LIMITED,SG-TAX-802559,814403943,62 Innovation Dr,Singapore,SG,billing@dynamicsystems.com
ERP-450127,APEX COMPONENTS PRIVATE LIMITED,SG-TAX-468727,266140258,615 Innovation Dr,Singapore,SG,billing@apexcomponents.com
ERP-450128,GLOBAL SOLUTIONS PRIVATE LIMITED,SG-TAX-220465,966747347,866 Innovation Dr,Singapore,SG,billing@globalsolutions.com
ERP-450132,BETA COMPONENTS PRIVATE LIMITED,SG-TAX-806707,555282394,162 Industrial Ave,Singapore,SG,billing@betacomponents.com
ERP-450133,SUMMIT GROUP PRIVATE LIMITED,SG-TAX-461939,828519068,221 Industrial Ave,Singapore,SG,billing@summitgroup.com
ERP-450134,PINNACLE LOGISTICS PRIVATE LIMITED,SG-TAX-728437,326810757,226 Tech Park,Singapore,SG,billing@pinnaclelogistics.com
ERP-450135,DYNAMIC LOGISTICS PRIVATE LIMITED,SG-TAX-108105,238712095,336 Industrial Ave,Singapore,SG,billing@dynamiclogistics.com
ERP-450137,QUANTUM GROUP PRIVATE LIMITED,SG-TAX-403578,448717183,415 Tech Park,Singapore,SG,billing@quantumgroup.com
ERP-450138,XYZ HOLDINGS PRIVATE LIMITED,SG-TAX-355135,184446671,448 Industrial Ave,Singapore,SG,billing@xyzholdings.com
ERP-450142,QUANTUM NETWORKS PRIVATE LIMITED,SG-TAX-258290,777944609,885 Innovation Dr,Singapore,SG,billing@quantumnetworks.com
ERP-450145,DYNAMIC NETWORKS PRIVATE LIMITED,SG-TAX-625721,970768982,330 Tech Park,Singapore,SG,billing@dynamicnetworks.com
ERP-450146,INNOVATE SOLUTIONS PRIVATE LIMITED,SG-TAX-141043,571825556,662 Market St,Singapore,SG,billing@innovatesolutions.com
ERP-450151,ABC INDUSTRIES PRIVATE LIMITED,SG-TAX-633188,293555835,662 Tech Park,Singapore,SG,billing@abcindustries.com
ERP-450153,PINNACLE COMPONENTS PRIVATE LIMITED,SG-TAX-726258,992649957,898 Market St,Singapore,SG,billing@pinnaclecomponents.com
ERP-450154,QUANTUM SYSTEMS PRIVATE LIMITED,SG-TAX-481995,576954730,45 Tech Park,Singapore,SG,billing@quantumsystems.com
ERP-450158,BETA INDUSTRIES PRIVATE LIMITED,SG-TAX-900185,651208305,292 Industrial Ave,Singapore,SG,billing@betaindustries.com
ERP-450159,GLOBAL ENTERPRISES PRIVATE LIMITED,SG-TAX-535050,353164777,953 Industrial Ave,Singapore,SG,billing@globalenterprises.com
ERP-450161,FUTURE SYSTEMS PRIVATE LIMITED,SG-TAX-183074,260545470,460 Industrial Ave,Singapore,SG,billing@futuresystems.com
ERP-450162,XYZ NETWORKS PRIVATE LIMITED,SG-TAX-913875,151270577,434 Industrial Ave,Singapore,SG,billing@xyznetworks.com
ERP-450163,BETA SOLUTIONS PRIVATE LIMITED,SG-TAX-762652,254164462,612 Industrial Ave,Singapore,SG,billing@betasolutions.com
ERP-450165,DYNAMIC INDUSTRIES PRIVATE LIMITED,SG-TAX-592972,500830389,21 Tech Park,Singapore,SG,billing@dynamicindustries.com
ERP-450166,INNOVATE CORP PRIVATE LIMITED,SG-TAX-239890,973498494,791 Innovation Dr,Singapore,SG,billing@innovatecorp.com
ERP-450168,ALPHA LOGISTICS PRIVATE LIMITED,SG-TAX-143941,975535611,45 Market St,Singapore,SG,billing@alphalogistics.com
ERP-450169,TECH COMPONENTS PRIVATE LIMITED,SG-TAX-918771,233654018,293 Innovation Dr,Singapore,SG,billing@techcomponents.com
ERP-450171,BETA GROUP PRIVATE LIMITED,SG-TAX-671971,452101316,441 Market St,Singapore,SG,billing@betagroup.com
ERP-450173,QUANTUM GROUP PRIVATE LIMITED,SG-TAX-178686,650921917,655 Industrial Ave,Singapore,SG,billing@quantumgroup.com
ERP-450174,ABC SYSTEMS PRIVATE LIMITED,SG-TAX-136489,792738367,147 Tech Park,Singapore,SG,billing@abcsystems.com
ERP-450175,QUANTUM SYSTEMS PRIVATE LIMITED,SG-TAX-490084,668503222,972 Innovation Dr,Singapore,SG,billing@quantumsystems.com
ERP-450178,XYZ ENTERPRISES PRIVATE LIMITED,SG-TAX-800280,682152066,830 Innovation Dr,Singapore,SG,billing@xyzenterprises.com
ERP-450179,XYZ SYSTEMS PRIVATE LIMITED,SG-TAX-227257,630452018,521 Market St,Singapore,SG,billing@xyzsystems.com
ERP-450181,PINNACLE GROUP PRIVATE LIMITED,SG-TAX-231414,600184588,844 Industrial Ave,Singapore,SG,billing@pinnaclegroup.com
ERP-450182,INNOVATE SYSTEMS PRIVATE LIMITED,SG-TAX-905077,159499094,656 Market St,Singapore,SG,billing@innovatesystems.com
ERP-450183,PINNACLE SYSTEMS PRIVATE LIMITED,SG-TAX-438334,657162259,169 Market St,Singapore,SG,billing@pinnaclesystems.com
ERP-450186,QUANTUM LOGISTICS PRIVATE LIMITED,SG-TAX-748133,773412230,786 Tech Park,Singapore,SG,billing@quantumlogistics.com
ERP-450188,INNOVATE NETWORKS PRIVATE LIMITED,SG-TAX-869864,497864507,321 Innovation Dr,Singapore,SG,billing@innovatenetworks.com
ERP-450189,BETA HOLDINGS PRIVATE LIMITED,SG-TAX-380464,154337019,478 Industrial Ave,Singapore,SG,billing@betaholdings.com
ERP-450190,GLOBAL SYSTEMS PRIVATE LIMITED,SG-TAX-299055,652681586,957 Innovation Dr,Singapore,SG,billing@globalsystems.com
ERP-450191,TECH ENTERPRISES PRIVATE LIMITED,SG-TAX-629996,478918222,93 Tech Park,Singapore,SG,billing@techenterprises.com
ERP-450192,FUTURE ENTERPRISES PRIVATE LIMITED,SG-TAX-988324,383975609,550 Industrial Ave,Singapore,SG,billing@futureenterprises.com
ERP-450193,DYNAMIC GROUP PRIVATE LIMITED,SG-TAX-153642,694018597,47 Tech Park,Singapore,SG,billing@dynamicgroup.com
ERP-450194,PINNACLE LOGISTICS PRIVATE LIMITED,SG-TAX-513037,492566853,132 Industrial Ave,Singapore,SG,billing@pinnaclelogistics.com
ERP-450196,PINNACLE ENTERPRISES PRIVATE LIMITED,SG-TAX-443897,761962359,621 Market St,Singapore,SG,billing@pinnacleenterprises.com
ERP-450197,TECH NETWORKS PRIVATE LIMITED,SG-TAX-843167,117863798,520 Tech Park,Singapore,SG,billing@technetworks.com
ERP-450198,QUANTUM LOGISTICS PRIVATE LIMITED,SG-TAX-378428,874597473,612 Tech Park,Singapore,SG,billing@quantumlogistics.com
ERP-450199,XYZ NETWORKS PRIVATE LIMITED,SG-TAX-133104,120333847,152 Market St,Singapore,SG,billing@xyznetworks.com
ERP-450201,XYZ COMPONENTS PRIVATE LIMITED,SG-TAX-688132,504612520,532 Market St,Singapore,SG,billing@xyzcomponents.com
ERP-450203,TECH LOGISTICS PRIVATE LIMITED,SG-TAX-432441,954059995,707 Tech Park,Singapore,SG,billing@techlogistics.com
ERP-450205,TECH COMPONENTS PRIVATE LIMITED,SG-TAX-463188,614407444,979 Industrial Ave,Singapore,SG,billing@techcomponents.com
ERP-450207,INNOVATE ENTERPRISES PRIVATE LIMITED,SG-TAX-105433,610778600,698 Market St,Singapore,SG,billing@innovateenterprises.com
ERP-450208,GLOBAL LOGISTICS PRIVATE LIMITED,SG-TAX-906066,674615376,293 Industrial Ave,Singapore,SG,billing@globallogistics.com
ERP-450211,SUMMIT SYSTEMS PRIVATE LIMITED,SG-TAX-302177,885033297,480 Innovation Dr,Singapore,SG,billing@summitsystems.com
ERP-450213,APEX GROUP PRIVATE LIMITED,SG-TAX-520304,250980852,336 Industrial Ave,Singapore,SG,billing@apexgroup.com
ERP-450215,ABC HOLDINGS PRIVATE LIMITED,SG-TAX-588002,639577241,64 Industrial Ave,Singapore,SG,billing@abcholdings.com
ERP-450216,XYZ LOGISTICS PRIVATE LIMITED,SG-TAX-485397,243418388,655 Innovation Dr,Singapore,SG,billing@xyzlogistics.com
ERP-450218,ABC NETWORKS PRIVATE LIMITED,SG-TAX-653829,705771555,539 Tech Park,Singapore,SG,billing@abcnetworks.com
ERP-450219,GLOBAL NETWORKS PRIVATE LIMITED,SG-TAX-444056,830461452,154 Market St,Singapore,SG,billing@globalnetworks.com
ERP-450220,PINNACLE ENTERPRISES PRIVATE LIMITED,SG-TAX-638179,700003920,465 Market St,Singapore,SG,billing@pinnacleenterprises.com
ERP-450221,DYNAMIC LOGISTICS PRIVATE LIMITED,SG-TAX-956113,178414859,406 Innovation Dr,Singapore,SG,billing@dynamiclogistics.com
ERP-450223,ABC GROUP PRIVATE LIMITED,SG-TAX-570325,810594320,913 Tech Park,Singapore,SG,billing@abcgroup.com
ERP-450225,DYNAMIC COMPONENTS PRIVATE LIMITED,SG-TAX-657772,471686188,475 Tech Park,Singapore,SG,billing@dynamiccomponents.com
ERP-450226,DYNAMIC SOLUTIONS PRIVATE LIMITED,SG-TAX-744793,172253060,829 Tech Park,Singapore,SG,billing@dynamicsolutions.com
ERP-450227,XYZ COMPONENTS PRIVATE LIMITED,SG-TAX-521805,910015485,759 Industrial Ave,Singapore,SG,billing@xyzcomponents.com
ERP-450228,ALPHA SYSTEMS PRIVATE LIMITED,SG-TAX-955413,742009209,297 Market St,Singapore,SG,billing@alphasystems.com
ERP-450229,FUTURE HOLDINGS PRIVATE LIMITED,SG-TAX-792282,395444277,310 Market St,Singapore,SG,billing@futureholdings.com
ERP-450230,GAMMA GROUP PRIVATE LIMITED,SG-TAX-461145,663137920,508 Industrial Ave,Singapore,SG,billing@gammagroup.com
ERP-450232,APEX GROUP PRIVATE LIMITED,SG-TAX-507286,794395127,543 Market St,Singapore,SG,billing@apexgroup.com
ERP-450233,PINNACLE CORP PRIVATE LIMITED,SG-TAX-806396,178151583,275 Tech Park,Singapore,SG,billing@pinnaclecorp.com
ERP-450235,BETA ENTERPRISES PRIVATE LIMITED,SG-TAX-515898,403932500,713 Market St,Singapore,SG,billing@betaenterprises.com
ERP-450236,TECH HOLDINGS PRIVATE LIMITED,SG-TAX-588640,443847870,904 Tech Park,Singapore,SG,billing@techholdings.com
ERP-450237,INNOVATE HOLDINGS PRIVATE LIMITED,SG-TAX-877259,727099478,47 Market St,Singapore,SG,billing@innovateholdings.com
ERP-450239,ABC HOLDINGS PRIVATE LIMITED,SG-TAX-858705,280639501,782 Tech Park,Singapore,SG,billing@abcholdings.com
ERP-450241,FUTURE SOLUTIONS PRIVATE LIMITED,SG-TAX-532424,859317542,783 Industrial Ave,Singapore,SG,billing@futuresolutions.com
ERP-450242,ALPHA NETWORKS PRIVATE LIMITED,SG-TAX-116495,112724887,676 Tech Park,Singapore,SG,billing@alphanetworks.com
ERP-450244,GLOBAL CORP PRIVATE LIMITED,SG-TAX-380310,535968611,259 Innovation Dr,Singapore,SG,billing@globalcorp.com
ERP-450248,ALPHA SOLUTIONS PRIVATE LIMITED,SG-TAX-288066,322434334,921 Industrial Ave,Singapore,SG,billing@alphasolutions.com
ERP-450250,DYNAMIC SYSTEMS PRIVATE LIMITED,SG-TAX-156304,181623972,513 Innovation Dr,Singapore,SG,billing@dynamicsystems.com
ERP-450251,APEX HOLDINGS PRIVATE LIMITED,SG-TAX-921609,693819730,650 Innovation Dr,Singapore,SG,billing@apexholdings.com
ERP-450252,APEX SYSTEMS PRIVATE LIMITED,SG-TAX-189856,364623437,677 Tech Park,Singapore,SG,billing@apexsystems.com
ERP-450253,BETA LOGISTICS PRIVATE LIMITED,SG-TAX-875584,198269319,390 Market St,Singapore,SG,billing@betalogistics.com
ERP-450254,TECH SOLUTIONS PRIVATE LIMITED,SG-TAX-551914,538134097,90 Market St,Singapore,SG,billing@techsolutions.com
ERP-450255,QUANTUM NETWORKS PRIVATE LIMITED,SG-TAX-112940,190945411,885 Tech Park,Singapore,SG,billing@quantumnetworks.com
ERP-450256,PINNACLE CORP PRIVATE LIMITED,SG-TAX-818605,423337234,534 Market St,Singapore,SG,billing@pinnaclecorp.com
ERP-450258,QUANTUM CORP PRIVATE LIMITED,SG-TAX-419457,765926290,110 Market St,Singapore,SG,billing@quantumcorp.com
ERP-450259,APEX NETWORKS PRIVATE LIMITED,SG-TAX-732512,290736564,308 Innovation Dr,Singapore,SG,billing@apexnetworks.com
ERP-450261,QUANTUM INDUSTRIES PRIVATE LIMITED,SG-TAX-862538,956508307,699 Industrial Ave,Singapore,SG,billing@quantumindustries.com
ERP-450262,DYNAMIC GROUP PRIVATE LIMITED,SG-TAX-353777,554330180,143 Innovation Dr,Singapore,SG,billing@dynamicgroup.com
ERP-450263,BETA ENTERPRISES PRIVATE LIMITED,SG-TAX-660324,139476288,597 Tech Park,Singapore,SG,billing@betaenterprises.com
ERP-450265,ABC GROUP PRIVATE LIMITED,SG-TAX-211090,648334433,989 Tech Park,Singapore,SG,billing@abcgroup.com
ERP-450268,INNOVATE LOGISTICS PRIVATE LIMITED,SG-TAX-646428,570477095,467 Market St,Singapore,SG,billing@innovatelogistics.com
ERP-450269,SUMMIT HOLDINGS PRIVATE LIMITED,SG-TAX-949541,468377143,308 Industrial Ave,Singapore,SG,billing@summitholdings.com
ERP-450270,ABC SYSTEMS PRIVATE LIMITED,SG-TAX-678719,596126873,529 Market St,Singapore,SG,billing@abcsystems.com
ERP-450271,ABC GROUP PRIVATE LIMITED,SG-TAX-571413,856704108,30 Market St,Singapore,SG,billing@abcgroup.com
ERP-450272,DYNAMIC SOLUTIONS PRIVATE LIMITED,SG-TAX-483561,381699808,105 Market St,Singapore,SG,billing@dynamicsolutions.com
ERP-450273,SUMMIT INDUSTRIES PRIVATE LIMITED,SG-TAX-741003,477940931,612 Tech Park,Singapore,SG,billing@summitindustries.com
ERP-450274,QUANTUM SYSTEMS PRIVATE LIMITED,SG-TAX-804758,427899285,941 Industrial Ave,Singapore,SG,billing@quantumsystems.com
ERP-450276,ABC SYSTEMS PRIVATE LIMITED,SG-TAX-402865,584258607,171 Tech Park,Singapore,SG,billing@abcsystems.com
ERP-450278,SUMMIT GROUP PRIVATE LIMITED,SG-TAX-612438,954570592,426 Tech Park,Singapore,SG,billing@summitgroup.com
ERP-450279,TECH COMPONENTS PRIVATE LIMITED,SG-TAX-276379,929516706,231 Innovation Dr,Singapore,SG,billing@techcomponents.com
ERP-450282,INNOVATE SOLUTIONS PRIVATE LIMITED,SG-TAX-913308,892005907,887 Industrial Ave,Singapore,SG,billing@innovatesolutions.com
ERP-450284,PINNACLE LOGISTICS PRIVATE LIMITED,SG-TAX-838253,652348887,173 Innovation Dr,Singapore,SG,billing@pinnaclelogistics.com
ERP-450285,ABC SOLUTIONS PRIVATE LIMITED,SG-TAX-162165,242475723,986 Tech Park,Singapore,SG,billing@abcsolutions.com
ERP-450286,DYNAMIC GROUP PRIVATE LIMITED,SG-TAX-758309,780352629,146 Innovation Dr,Singapore,SG,billing@dynamicgroup.com
ERP-450288,XYZ SOLUTIONS PRIVATE LIMITED,SG-TAX-991401,561325766,651 Innovation Dr,Singapore,SG,billing@xyzsolutions.com
ERP-450289,SUMMIT LOGISTICS PRIVATE LIMITED,SG-TAX-454161,621127607,849 Innovation Dr,Singapore,SG,billing@summitlogistics.com
ERP-450290,ABC COMPONENTS PRIVATE LIMITED,SG-TAX-117072,100725768,102 Tech Park,Singapore,SG,billing@abccomponents.com
ERP-450292,GAMMA COMPONENTS PRIVATE LIMITED,SG-TAX-861253,197924383,641 Innovation Dr,Singapore,SG,billing@gammacomponents.com
ERP-450295,GAMMA GROUP PRIVATE LIMITED,SG-TAX-171734,797953888,657 Market St,Singapore,SG,billing@gammagroup.com
ERP-450296,XYZ SYSTEMS PRIVATE LIMITED,SG-TAX-327797,232239057,631 Tech Park,Singapore,SG,billing@xyzsystems.com
ERP-450297,APEX HOLDINGS PRIVATE LIMITED,SG-TAX-359822,694205108,323 Market St,Singapore,SG,billing@apexholdings.com
ERP-450299,APEX LOGISTICS PRIVATE LIMITED,SG-TAX-618927,785135687,803 Market St,Singapore,SG,billing@apexlogistics.com
ERP-450300,PINNACLE COMPONENTS PRIVATE LIMITED,SG-TAX-238394,686645526,957 Innovation Dr,Singapore,SG,billing@pinnaclecomponents.com
ERP-450301,DYNAMIC ENTERPRISES PRIVATE LIMITED,SG-TAX-114463,164927936,18 Industrial Ave,Singapore,SG,billing@dynamicenterprises.com
ERP-450302,APEX INDUSTRIES PRIVATE LIMITED,SG-TAX-544150,676132087,644 Tech Park,Singapore,SG,billing@apexindustries.com
ERP-450303,GAMMA LOGISTICS PRIVATE LIMITED,SG-TAX-636141,519544755,318 Industrial Ave,Singapore,SG,billing@gammalogistics.com
ERP-450304,DYNAMIC SOLUTIONS PRIVATE LIMITED,SG-TAX-865416,192570281,716 Tech Park,Singapore,SG,billing@dynamicsolutions.com
ERP-450305,BETA ENTERPRISES PRIVATE LIMITED,SG-TAX-225245,112187618,317 Market St,Singapore,SG,billing@betaenterprises.com
ERP-450307,APEX LOGISTICS PRIVATE LIMITED,SG-TAX-846925,588764892,66 Innovation Dr,Singapore,SG,billing@apexlogistics.com
ERP-450309,BETA CORP PRIVATE LIMITED,SG-TAX-112884,511221078,3 Industrial Ave,Singapore,SG,billing@betacorp.com
ERP-450310,GAMMA COMPONENTS PRIVATE LIMITED,SG-TAX-335421,873403266,823 Tech Park,Singapore,SG,billing@gammacomponents.com
ERP-450312,FUTURE LOGISTICS PRIVATE LIMITED,SG-TAX-108356,942358213,89 Tech Park,Singapore,SG,billing@futurelogistics.com
ERP-450313,QUANTUM ENTERPRISES PRIVATE LIMITED,SG-TAX-257880,681479730,751 Market St,Singapore,SG,billing@quantumenterprises.com
ERP-450315,ALPHA SYSTEMS PRIVATE LIMITED,SG-TAX-342716,499960213,96 Industrial Ave,Singapore,SG,billing@alphasystems.com
ERP-450316,XYZ SOLUTIONS PRIVATE LIMITED,SG-TAX-768169,709692870,98 Market St,Singapore,SG,billing@xyzsolutions.com
ERP-450317,TECH LOGISTICS PRIVATE LIMITED,SG-TAX-834764,586145040,949 Tech Park,Singapore,SG,billing@techlogistics.com
ERP-450318,DYNAMIC NETWORKS PRIVATE LIMITED,SG-TAX-272359,229640083,160 Industrial Ave,Singapore,SG,billing@dynamicnetworks.com
ERP-450319,DYNAMIC CORP PRIVATE LIMITED,SG-TAX-377880,967150570,316 Tech Park,Singapore,SG,billing@dynamiccorp.com
ERP-450320,FUTURE NETWORKS PRIVATE LIMITED,SG-TAX-255528,481975879,221 Innovation Dr,Singapore,SG,billing@futurenetworks.com
ERP-450322,GAMMA SOLUTIONS PRIVATE LIMITED,SG-TAX-237064,776776838,64 Market St,Singapore,SG,billing@gammasolutions.com
ERP-450325,XYZ GROUP PRIVATE LIMITED,SG-TAX-816400,300951978,31 Tech Park,Singapore,SG,billing@xyzgroup.com
ERP-450326,QUANTUM NETWORKS PRIVATE LIMITED,SG-TAX-623125,194190297,663 Innovation Dr,Singapore,SG,billing@quantumnetworks.com
ERP-450327,DYNAMIC INDUSTRIES PRIVATE LIMITED,SG-TAX-501078,684671539,646 Industrial Ave,Singapore,SG,billing@dynamicindustries.com
ERP-450328,INNOVATE NETWORKS PRIVATE LIMITED,SG-TAX-383572,335171142,330 Tech Park,Singapore,SG,billing@innovatenetworks.com
ERP-450330,ALPHA CORP PRIVATE LIMITED,SG-TAX-472039,736212983,867 Tech Park,Singapore,SG,billing@alphacorp.com
ERP-450331,QUANTUM COMPONENTS PRIVATE LIMITED,SG-TAX-690462,288502642,971 Market St,Singapore,SG,billing@quantumcomponents.com
ERP-450332,BETA COMPONENTS PRIVATE LIMITED,SG-TAX-120896,759422189,617 Market St,Singapore,SG,billing@betacomponents.com
ERP-450334,FUTURE HOLDINGS PRIVATE LIMITED,SG-TAX-714483,246513857,383 Tech Park,Singapore,SG,billing@futureholdings.com
ERP-450337,QUANTUM GROUP PRIVATE LIMITED,SG-TAX-731650,707254955,34 Market St,Singapore,SG,billing@quantumgroup.com
ERP-450339,INNOVATE ENTERPRISES PRIVATE LIMITED,SG-TAX-361662,945056299,272 Market St,Singapore,SG,billing@innovateenterprises.com
ERP-450340,XYZ GROUP PRIVATE LIMITED,SG-TAX-617033,208908082,906 Tech Park,Singapore,SG,billing@xyzgroup.com
ERP-450341,DYNAMIC NETWORKS PRIVATE LIMITED,SG-TAX-177289,442219677,167 Tech Park,Singapore,SG,billing@dynamicnetworks.com
ERP-450344,PINNACLE INDUSTRIES PRIVATE LIMITED,SG-TAX-411847,713933158,677 Innovation Dr,Singapore,SG,billing@pinnacleindustries.com
ERP-450350,PINNACLE COMPONENTS PRIVATE LIMITED,SG-TAX-661527,353018691,839 Tech Park,Singapore,SG,billing@pinnaclecomponents.com
ERP-450351,BETA GROUP PRIVATE LIMITED,SG-TAX-226124,279491823,515 Market St,Singapore,SG,billing@betagroup.com
ERP-450352,DYNAMIC CORP PRIVATE LIMITED,SG-TAX-182175,983221403,44 Tech Park,Singapore,SG,billing@dynamiccorp.com
ERP-450353,FUTURE NETWORKS PRIVATE LIMITED,SG-TAX-191254,450175988,328 Industrial Ave,Singapore,SG,billing@futurenetworks.com
ERP-450354,PINNACLE ENTERPRISES PRIVATE LIMITED,SG-TAX-217984,731289471,806 Tech Park,Singapore,SG,billing@pinnacleenterprises.com
ERP-450356,TECH GROUP PRIVATE LIMITED,SG-TAX-139285,763834967,586 Tech Park,Singapore,SG,billing@techgroup.com
ERP-450359,FUTURE CORP PRIVATE LIMITED,SG-TAX-911630,547506309,308 Tech Park,Singapore,SG,billing@futurecorp.com
ERP-450362,FUTURE COMPONENTS PRIVATE LIMITED,SG-TAX-153015,495514868,34 Tech Park,Singapore,SG,billing@futurecomponents.com
ERP-450363,PINNACLE GROUP PRIVATE LIMITED,SG-TAX-353690,290679038,698 Industrial Ave,Singapore,SG,billing@pinnaclegroup.com
ERP-450366,ABC CORP PRIVATE LIMITED,SG-TAX-638214,242071170,668 Tech Park,Singapore,SG,billing@abccorp.com
ERP-450367,QUANTUM COMPONENTS PRIVATE LIMITED,SG-TAX-847362,504237434,259 Innovation Dr,Singapore,SG,billing@quantumcomponents.com
ERP-450368,SUMMIT LOGISTICS PRIVATE LIMITED,SG-TAX-810091,209856785,478 Innovation Dr,Singapore,SG,billing@summitlogistics.com
ERP-450369,FUTURE HOLDINGS PRIVATE LIMITED,SG-TAX-412974,461081823,663 Innovation Dr,Singapore,SG,billing@futureholdings.com
ERP-450371,DYNAMIC NETWORKS PRIVATE LIMITED,SG-TAX-813824,634050001,677 Innovation Dr,Singapore,SG,billing@dynamicnetworks.com
ERP-450374,TECH INDUSTRIES PRIVATE LIMITED,SG-TAX-786224,899089320,970 Innovation Dr,Singapore,SG,billing@techindustries.com
ERP-450375,APEX HOLDINGS PRIVATE LIMITED,SG-TAX-586288,781178315,267 Innovation Dr,Singapore,SG,billing@apexholdings.com
ERP-450376,QUANTUM SOLUTIONS PRIVATE LIMITED,SG-TAX-624788,420357050,911 Market St,Singapore,SG,billing@quantumsolutions.com
ERP-450377,FUTURE SYSTEMS PRIVATE LIMITED,SG-TAX-529068,868443155,206 Innovation Dr,Singapore,SG,billing@futuresystems.com
ERP-450378,GAMMA HOLDINGS PRIVATE LIMITED,SG-TAX-386814,270118413,5 Tech Park,Singapore,SG,billing@gammaholdings.com
ERP-450379,DYNAMIC SOLUTIONS PRIVATE LIMITED,SG-TAX-764259,612604642,630 Tech Park,Singapore,SG,billing@dynamicsolutions.com
ERP-450381,GAMMA SOLUTIONS PRIVATE LIMITED,SG-TAX-275133,412273967,516 Innovation Dr,Singapore,SG,billing@gammasolutions.com
ERP-450385,QUANTUM COMPONENTS PRIVATE LIMITED,SG-TAX-150578,508294370,670 Industrial Ave,Singapore,SG,billing@quantumcomponents.com
ERP-450387,APEX SOLUTIONS PRIVATE LIMITED,SG-TAX-396439,753910715,737 Industrial Ave,Singapore,SG,billing@apexsolutions.com
ERP-450390,GAMMA SOLUTIONS PRIVATE LIMITED,SG-TAX-368322,417851397,77 Industrial Ave,Singapore,SG,billing@gammasolutions.com
ERP-450391,FUTURE COMPONENTS PRIVATE LIMITED,SG-TAX-546688,914115345,369 Innovation Dr,Singapore,SG,billing@futurecomponents.com
ERP-450394,DYNAMIC SYSTEMS PRIVATE LIMITED,SG-TAX-985364,734313309,136 Industrial Ave,Singapore,SG,billing@dynamicsystems.com
ERP-450395,QUANTUM ENTERPRISES PRIVATE LIMITED,SG-TAX-917012,834937767,626 Tech Park,Singapore,SG,billing@quantumenterprises.com
ERP-450396,XYZ SYSTEMS PRIVATE LIMITED,SG-TAX-218423,380904676,943 Tech Park,Singapore,SG,billing@xyzsystems.com
ERP-450397,ALPHA INDUSTRIES PRIVATE LIMITED,SG-TAX-802382,852242243,742 Market St,Singapore,SG,billing@alphaindustries.com
ERP-450399,ALPHA SYSTEMS PRIVATE LIMITED,SG-TAX-993251,627902980,870 Tech Park,Singapore,SG,billing@alphasystems.com
ERP-450400,PINNACLE CORP PRIVATE LIMITED,SG-TAX-522866,576944168,659 Tech Park,Singapore,SG,billing@pinnaclecorp.com
ERP-450405,FUTURE GROUP PRIVATE LIMITED,SG-TAX-296653,985358270,261 Market St,Singapore,SG,billing@futuregroup.com
ERP-450406,XYZ HOLDINGS PRIVATE LIMITED,SG-TAX-148759,929084565,776 Tech Park,Singapore,SG,billing@xyzholdings.com
ERP-450407,SUMMIT NETWORKS PRIVATE LIMITED,SG-TAX-104548,564726604,138 Tech Park,Singapore,SG,billing@summitnetworks.com
ERP-450408,SUMMIT INDUSTRIES PRIVATE LIMITED,SG-TAX-865979,806008664,709 Market St,Singapore,SG,billing@summitindustries.com
ERP-450411,PINNACLE CORP PRIVATE LIMITED,SG-TAX-819964,862782374,215 Innovation Dr,Singapore,SG,billing@pinnaclecorp.com
ERP-450412,GAMMA INDUSTRIES PRIVATE LIMITED,SG-TAX-844858,725783470,711 Innovation Dr,Singapore,SG,billing@gammaindustries.com
ERP-450413,ABC GROUP PRIVATE LIMITED,SG-TAX-947568,508956386,293 Tech Park,Singapore,SG,billing@abcgroup.com
ERP-450415,FUTURE ENTERPRISES PRIVATE LIMITED,SG-TAX-878476,648598641,631 Market St,Singapore,SG,billing@futureenterprises.com
ERP-450416,DYNAMIC LOGISTICS PRIVATE LIMITED,SG-TAX-506380,692839277,949 Tech Park,Singapore,SG,billing@dynamiclogistics.com
ERP-450418,SUMMIT SYSTEMS PRIVATE LIMITED,SG-TAX-870786,560106760,192 Market St,Singapore,SG,billing@summitsystems.com
ERP-450419,FUTURE LOGISTICS PRIVATE LIMITED,SG-TAX-844163,446421355,339 Tech Park,Singapore,SG,billing@futurelogistics.com
ERP-450420,DYNAMIC NETWORKS PRIVATE LIMITED,SG-TAX-176421,336182414,503 Innovation Dr,Singapore,SG,billing@dynamicnetworks.com
ERP-450421,PINNACLE SOLUTIONS PRIVATE LIMITED,SG-TAX-669460,337509631,164 Tech Park,Singapore,SG,billing@pinnaclesolutions.com
ERP-450422,ABC HOLDINGS PRIVATE LIMITED,SG-TAX-329056,702728525,370 Innovation Dr,Singapore,SG,billing@abcholdings.com
ERP-450425,PINNACLE INDUSTRIES PRIVATE LIMITED,SG-TAX-410833,188417749,499 Industrial Ave,Singapore,SG,billing@pinnacleindustries.com
ERP-450429,APEX GROUP PRIVATE LIMITED,SG-TAX-554059,227029844,646 Tech Park,Singapore,SG,billing@apexgroup.com
ERP-450430,ABC NETWORKS PRIVATE LIMITED,SG-TAX-834928,639917068,775 Industrial Ave,Singapore,SG,billing@abcnetworks.com
ERP-450431,BETA LOGISTICS PRIVATE LIMITED,SG-TAX-962057,672806655,391 Tech Park,Singapore,SG,billing@betalogistics.com
ERP-450433,ALPHA INDUSTRIES PRIVATE LIMITED,SG-TAX-143802,676762622,145 Industrial Ave,Singapore,SG,billing@alphaindustries.com
ERP-450435,TECH CORP PRIVATE LIMITED,SG-TAX-992744,690197884,186 Industrial Ave,Singapore,SG,billing@techcorp.com
ERP-450437,INNOVATE ENTERPRISES PRIVATE LIMITED,SG-TAX-827143,491371841,337 Innovation Dr,Singapore,SG,billing@innovateenterprises.com
ERP-450439,FUTURE HOLDINGS PRIVATE LIMITED,SG-TAX-603268,427997841,696 Innovation Dr,Singapore,SG,billing@futureholdings.com
ERP-450440,BETA SYSTEMS PRIVATE LIMITED,SG-TAX-966589,887637532,862 Innovation Dr,Singapore,SG,billing@betasystems.com
ERP-450441,BETA SOLUTIONS PRIVATE LIMITED,SG-TAX-952117,733546669,870 Industrial Ave,Singapore,SG,billing@betasolutions.com
ERP-450445,TECH HOLDINGS PRIVATE LIMITED,SG-TAX-643042,588169687,44 Market St,Singapore,SG,billing@techholdings.com
ERP-450446,ALPHA HOLDINGS PRIVATE LIMITED,SG-TAX-975427,712204801,721 Innovation Dr,Singapore,SG,billing@alphaholdings.com
ERP-450447,ABC SOLUTIONS PRIVATE LIMITED,SG-TAX-333726,470475638,258 Tech Park,Singapore,SG,billing@abcsolutions.com
ERP-450448,SUMMIT NETWORKS PRIVATE LIMITED,SG-TAX-561267,790928175,514 Market St,Singapore,SG,billing@summitnetworks.com
ERP-450450,QUANTUM SYSTEMS PRIVATE LIMITED,SG-TAX-145240,244658840,23 Market St,Singapore,SG,billing@quantumsystems.com
ERP-450454,GAMMA HOLDINGS PRIVATE LIMITED,SG-TAX-340977,117783990,611 Industrial Ave,Singapore,SG,billing@gammaholdings.com
ERP-450457,ABC GROUP PRIVATE LIMITED,SG-TAX-145548,961463274,431 Innovation Dr,Singapore,SG,billing@abcgroup.com
ERP-450458,DYNAMIC GROUP PRIVATE LIMITED,SG-TAX-546157,349658808,604 Industrial Ave,Singapore,SG,billing@dynamicgroup.com
ERP-450461,INNOVATE NETWORKS PRIVATE LIMITED,SG-TAX-891645,698678367,697 Tech Park,Singapore,SG,billing@innovatenetworks.com
ERP-450463,BETA CORP PRIVATE LIMITED,SG-TAX-205149,463394867,802 Market St,Singapore,SG,billing@betacorp.com
ERP-450464,QUANTUM COMPONENTS PRIVATE LIMITED,SG-TAX-943442,744508634,399 Industrial Ave,Singapore,SG,billing@quantumcomponents.com
ERP-450465,BETA LOGISTICS PRIVATE LIMITED,SG-TAX-738613,530189140,380 Industrial Ave,Singapore,SG,billing@betalogistics.com
ERP-450466,PINNACLE LOGISTICS PRIVATE LIMITED,SG-TAX-771394,805324063,969 Market St,Singapore,SG,billing@pinnaclelogistics.com
ERP-450467,PINNACLE LOGISTICS PRIVATE LIMITED,SG-TAX-745073,356899846,35 Market St,Singapore,SG,billing@pinnaclelogistics.com
ERP-450468,GAMMA SOLUTIONS PRIVATE LIMITED,SG-TAX-470281,315081636,799 Tech Park,Singapore,SG,billing@gammasolutions.com
ERP-450470,QUANTUM CORP PRIVATE LIMITED,SG-TAX-702833,643569021,953 Tech Park,Singapore,SG,billing@quantumcorp.com
ERP-450471,BETA INDUSTRIES PRIVATE LIMITED,SG-TAX-827912,926745981,898 Innovation Dr,Singapore,SG,billing@betaindustries.com
ERP-450472,ABC ENTERPRISES PRIVATE LIMITED,SG-TAX-605382,780389168,883 Industrial Ave,Singapore,SG,billing@abcenterprises.com
ERP-450474,XYZ HOLDINGS PRIVATE LIMITED,SG-TAX-599704,716019237,568 Market St,Singapore,SG,billing@xyzholdings.com
ERP-450475,GLOBAL ENTERPRISES PRIVATE LIMITED,SG-TAX-378297,368108429,241 Market St,Singapore,SG,billing@globalenterprises.com
ERP-450477,PINNACLE COMPONENTS PRIVATE LIMITED,SG-TAX-616256,920620417,381 Innovation Dr,Singapore,SG,billing@pinnaclecomponents.com
ERP-450478,TECH GROUP PRIVATE LIMITED,SG-TAX-156778,680645164,769 Market St,Singapore,SG,billing@techgroup.com
ERP-450479,DYNAMIC SYSTEMS PRIVATE LIMITED,SG-TAX-430984,326293650,124 Tech Park,Singapore,SG,billing@dynamicsystems.com
ERP-450481,APEX HOLDINGS PRIVATE LIMITED,SG-TAX-393212,718360105,875 Tech Park,Singapore,SG,billing@apexholdings.com
ERP-450482,FUTURE SOLUTIONS PRIVATE LIMITED,SG-TAX-682316,959033676,824 Market St,Singapore,SG,billing@futuresolutions.com
ERP-450483,GAMMA ENTERPRISES PRIVATE LIMITED,SG-TAX-623866,873695765,181 Tech Park,Singapore,SG,billing@gammaenterprises.com
ERP-450484,FUTURE NETWORKS PRIVATE LIMITED,SG-TAX-824087,373041469,408 Industrial Ave,Singapore,SG,billing@futurenetworks.com
ERP-450485,ABC SOLUTIONS PRIVATE LIMITED,SG-TAX-372387,969747935,763 Innovation Dr,Singapore,SG,billing@abcsolutions.com
ERP-450486,FUTURE NETWORKS PRIVATE LIMITED,SG-TAX-918213,648085639,591 Market St,Singapore,SG,billing@futurenetworks.com
ERP-450488,INNOVATE GROUP PRIVATE LIMITED,SG-TAX-182954,440245422,415 Industrial Ave,Singapore,SG,billing@innovategroup.com
ERP-450489,XYZ LOGISTICS PRIVATE LIMITED,SG-TAX-918910,583493761,278 Tech Park,Singapore,SG,billing@xyzlogistics.com
ERP-450493,ABC HOLDINGS PRIVATE LIMITED,SG-TAX-589887,245078524,885 Tech Park,Singapore,SG,billing@abcholdings.com
ERP-450497,INNOVATE LOGISTICS PRIVATE LIMITED,SG-TAX-821179,922345794,548 Industrial Ave,Singapore,SG,billing@innovatelogistics.com
ERP-450498,TECH NETWORKS PRIVATE LIMITED,SG-TAX-674842,701890658,816 Industrial Ave,Singapore,SG,billing@technetworks.com
ERP-450499,GLOBAL SYSTEMS PRIVATE LIMITED,SG-TAX-331307,357227536,849 Tech Park,Singapore,SG,billing@globalsystems.com
ERP-450500,DYNAMIC NETWORKS PRIVATE LIMITED,SG-TAX-532961,410950586,292 Innovation Dr,Singapore,SG,billing@dynamicnetworks.com
ERP-450502,GAMMA ENTERPRISES PRIVATE LIMITED,SG-TAX-258003,551232519,239 Industrial Ave,Singapore,SG,billing@gammaenterprises.com
ERP-450503,SUMMIT COMPONENTS PRIVATE LIMITED,SG-TAX-158760,604816257,83 Market St,Singapore,SG,billing@summitcomponents.com
ERP-450504,APEX COMPONENTS PRIVATE LIMITED,SG-TAX-503489,135981405,998 Market St,Singapore,SG,billing@apexcomponents.com
ERP-450506,PINNACLE INDUSTRIES PRIVATE LIMITED,SG-TAX-769536,155928537,260 Tech Park,Singapore,SG,billing@pinnacleindustries.com
ERP-450508,APEX CORP PRIVATE LIMITED,SG-TAX-709303,740178067,993 Industrial Ave,Singapore,SG,billing@apexcorp.com
ERP-450509,SUMMIT SOLUTIONS PRIVATE LIMITED,SG-TAX-162678,675904997,954 Industrial Ave,Singapore,SG,billing@summitsolutions.com
ERP-450510,GAMMA ENTERPRISES PRIVATE LIMITED,SG-TAX-944654,840076530,325 Innovation Dr,Singapore,SG,billing@gammaenterprises.com
ERP-450511,ALPHA ENTERPRISES PRIVATE LIMITED,SG-TAX-669097,300388921,573 Innovation Dr,Singapore,SG,billing@alphaenterprises.com
ERP-450512,INNOVATE ENTERPRISES PRIVATE LIMITED,SG-TAX-172222,979843968,889 Market St,Singapore,SG,billing@innovateenterprises.com
ERP-450515,PINNACLE SOLUTIONS PRIVATE LIMITED,SG-TAX-287316,305746804,856 Market St,Singapore,SG,billing@pinnaclesolutions.com
ERP-450518,INNOVATE COMPONENTS PRIVATE LIMITED,SG-TAX-869969,331820924,542 Industrial Ave,Singapore,SG,billing@innovatecomponents.com
ERP-450520,GAMMA INDUSTRIES PRIVATE LIMITED,SG-TAX-903506,592547487,426 Industrial Ave,Singapore,SG,billing@gammaindustries.com
ERP-450521,APEX SOLUTIONS PRIVATE LIMITED,SG-TAX-676680,269840673,812 Market St,Singapore,SG,billing@apexsolutions.com
ERP-450522,QUANTUM ENTERPRISES PRIVATE LIMITED,SG-TAX-676802,779937154,925 Innovation Dr,Singapore,SG,billing@quantumenterprises.com
ERP-450524,APEX COMPONENTS PRIVATE LIMITED,SG-TAX-642752,338249032,292 Industrial Ave,Singapore,SG,billing@apexcomponents.com
ERP-450525,XYZ LOGISTICS PRIVATE LIMITED,SG-TAX-198867,248614668,524 Market St,Singapore,SG,billing@xyzlogistics.com
ERP-450526,TECH LOGISTICS PRIVATE LIMITED,SG-TAX-696707,448635435,585 Tech Park,Singapore,SG,billing@techlogistics.com
ERP-450527,GAMMA ENTERPRISES PRIVATE LIMITED,SG-TAX-724145,967949720,840 Industrial Ave,Singapore,SG,billing@gammaenterprises.com
ERP-450529,ALPHA GROUP PRIVATE LIMITED,SG-TAX-434827,639449617,313 Industrial Ave,Singapore,SG,billing@alphagroup.com
ERP-450530,GAMMA COMPONENTS PRIVATE LIMITED,SG-TAX-889410,338462628,995 Tech Park,Singapore,SG,billing@gammacomponents.com
ERP-450533,GLOBAL ENTERPRISES PRIVATE LIMITED,SG-TAX-688426,360183853,668 Market St,Singapore,SG,billing@globalenterprises.com
ERP-450534,QUANTUM SOLUTIONS PRIVATE LIMITED,SG-TAX-544114,469930807,688 Tech Park,Singapore,SG,billing@quantumsolutions.com
ERP-450535,ALPHA LOGISTICS PRIVATE LIMITED,SG-TAX-753453,978505410,359 Tech Park,Singapore,SG,billing@alphalogistics.com
ERP-450537,ALPHA HOLDINGS PRIVATE LIMITED,SG-TAX-594078,677678962,313 Tech Park,Singapore,SG,billing@alphaholdings.com
ERP-450538,PINNACLE ENTERPRISES PRIVATE LIMITED,SG-TAX-494900,374294163,712 Industrial Ave,Singapore,SG,billing@pinnacleenterprises.com
ERP-450539,QUANTUM LOGISTICS PRIVATE LIMITED,SG-TAX-169832,808777380,477 Industrial Ave,Singapore,SG,billing@quantumlogistics.com
ERP-450540,ABC GROUP PRIVATE LIMITED,SG-TAX-430779,300164147,390 Industrial Ave,Singapore,SG,billing@abcgroup.com
ERP-450543,ALPHA INDUSTRIES PRIVATE LIMITED,SG-TAX-458388,883713061,231 Market St,Singapore,SG,billing@alphaindustries.com
ERP-450544,ABC CORP PRIVATE LIMITED,SG-TAX-547180,682219061,247 Market St,Singapore,SG,billing@abccorp.com
ERP-450547,APEX GROUP PRIVATE LIMITED,SG-TAX-259338,298370042,454 Innovation Dr,Singapore,SG,billing@apexgroup.com
ERP-450548,QUANTUM NETWORKS PRIVATE LIMITED,SG-TAX-342129,838886075,611 Market St,Singapore,SG,billing@quantumnetworks.com
ERP-450549,GAMMA INDUSTRIES PRIVATE LIMITED,SG-TAX-292913,247653166,730 Innovation Dr,Singapore,SG,billing@gammaindustries.com
ERP-450550,ALPHA LOGISTICS PRIVATE LIMITED,SG-TAX-894586,571678892,228 Market St,Singapore,SG,billing@alphalogistics.com
ERP-450552,XYZ HOLDINGS PRIVATE LIMITED,SG-TAX-645940,145543743,627 Industrial Ave,Singapore,SG,billing@xyzholdings.com
ERP-450554,GLOBAL LOGISTICS PRIVATE LIMITED,SG-TAX-911259,553615317,408 Innovation Dr,Singapore,SG,billing@globallogistics.com
ERP-450556,GAMMA GROUP PRIVATE LIMITED,SG-TAX-126122,865185345,332 Tech Park,Singapore,SG,billing@gammagroup.com
ERP-450557,SUMMIT SOLUTIONS PRIVATE LIMITED,SG-TAX-853270,858305156,332 Market St,Singapore,SG,billing@summitsolutions.com
ERP-450561,DYNAMIC COMPONENTS PRIVATE LIMITED,SG-TAX-717466,574460059,244 Market St,Singapore,SG,billing@dynamiccomponents.com
ERP-450562,PINNACLE LOGISTICS PRIVATE LIMITED,SG-TAX-151295,474757193,840 Market St,Singapore,SG,billing@pinnaclelogistics.com
ERP-450564,XYZ NETWORKS PRIVATE LIMITED,SG-TAX-577456,138482956,807 Market St,Singapore,SG,billing@xyznetworks.com
ERP-450565,APEX SOLUTIONS PRIVATE LIMITED,SG-TAX-407057,394654666,864 Industrial Ave,Singapore,SG,billing@apexsolutions.com
ERP-450568,PINNACLE ENTERPRISES PRIVATE LIMITED,SG-TAX-739008,307828574,828 Market St,Singapore,SG,billing@pinnacleenterprises.com
ERP-450573,ABC HOLDINGS PRIVATE LIMITED,SG-TAX-318379,954465272,549 Industrial Ave,Singapore,SG,billing@abcholdings.com
ERP-450574,ALPHA HOLDINGS PRIVATE LIMITED,SG-TAX-698717,225460968,642 Market St,Singapore,SG,billing@alphaholdings.com
ERP-450575,DYNAMIC LOGISTICS PRIVATE LIMITED,SG-TAX-384685,355166423,727 Industrial Ave,Singapore,SG,billing@dynamiclogistics.com
ERP-450580,ALPHA NETWORKS PRIVATE LIMITED,SG-TAX-436467,671526798,655 Market St,Singapore,SG,billing@alphanetworks.com
ERP-450581,GAMMA SYSTEMS PRIVATE LIMITED,SG-TAX-753205,682535775,118 Industrial Ave,Singapore,SG,billing@gammasystems.com
ERP-450583,ALPHA SYSTEMS PRIVATE LIMITED,SG-TAX-211072,520817418,483 Industrial Ave,Singapore,SG,billing@alphasystems.com
ERP-450585,BETA ENTERPRISES PRIVATE LIMITED,SG-TAX-952336,589179779,135 Industrial Ave,Singapore,SG,billing@betaenterprises.com
ERP-450587,DYNAMIC HOLDINGS PRIVATE LIMITED,SG-TAX-168540,595254481,500 Industrial Ave,Singapore,SG,billing@dynamicholdings.com
ERP-450589,PINNACLE ENTERPRISES PRIVATE LIMITED,SG-TAX-350164,617945843,605 Tech Park,Singapore,SG,billing@pinnacleenterprises.com
ERP-450590,QUANTUM GROUP PRIVATE LIMITED,SG-TAX-670977,818983106,581 Innovation Dr,Singapore,SG,billing@quantumgroup.com
ERP-450592,BETA NETWORKS PRIVATE LIMITED,SG-TAX-776320,977283140,336 Tech Park,Singapore,SG,billing@betanetworks.com
ERP-450593,DYNAMIC COMPONENTS PRIVATE LIMITED,SG-TAX-574978,720549135,677 Market St,Singapore,SG,billing@dynamiccomponents.com
ERP-450595,QUANTUM INDUSTRIES PRIVATE LIMITED,SG-TAX-993916,689360922,868 Market St,Singapore,SG,billing@quantumindustries.com
ERP-450597,APEX GROUP PRIVATE LIMITED,SG-TAX-597938,486856173,217 Market St,Singapore,SG,billing@apexgroup.com
ERP-450598,GAMMA LOGISTICS PRIVATE LIMITED,SG-TAX-175231,622591579,138 Industrial Ave,Singapore,SG,billing@gammalogistics.com
ERP-450600,GAMMA ENTERPRISES PRIVATE LIMITED,SG-TAX-503402,749155592,435 Tech Park,Singapore,SG,billing@gammaenterprises.com
ERP-450601,XYZ INDUSTRIES PRIVATE LIMITED,SG-TAX-135087,495758262,421 Innovation Dr,Singapore,SG,billing@xyzindustries.com
ERP-450602,GAMMA INDUSTRIES PRIVATE LIMITED,SG-TAX-648779,777169078,477 Industrial Ave,Singapore,SG,billing@gammaindustries.com
ERP-450603,ABC SOLUTIONS PRIVATE LIMITED,SG-TAX-742818,111578585,818 Innovation Dr,Singapore,SG,billing@abcsolutions.com
ERP-450604,PINNACLE ENTERPRISES PRIVATE LIMITED,SG-TAX-541467,137931259,752 Innovation Dr,Singapore,SG,billing@pinnacleenterprises.com
ERP-450605,QUANTUM LOGISTICS PRIVATE LIMITED,SG-TAX-759868,155426425,267 Industrial Ave,Singapore,SG,billing@quantumlogistics.com
ERP-450606,TECH NETWORKS PRIVATE LIMITED,SG-TAX-186518,941558920,294 Tech Park,Singapore,SG,billing@technetworks.com
ERP-450611,TECH ENTERPRISES PRIVATE LIMITED,SG-TAX-816712,255853446,240 Tech Park,Singapore,SG,billing@techenterprises.com
ERP-450614,INNOVATE LOGISTICS PRIVATE LIMITED,SG-TAX-367747,930164576,822 Industrial Ave,Singapore,SG,billing@innovatelogistics.com
ERP-450615,GLOBAL NETWORKS PRIVATE LIMITED,SG-TAX-810638,111358031,533 Innovation Dr,Singapore,SG,billing@globalnetworks.com
ERP-450616,FUTURE SOLUTIONS PRIVATE LIMITED,SG-TAX-650779,335596484,422 Industrial Ave,Singapore,SG,billing@futuresolutions.com
ERP-450618,BETA SOLUTIONS PRIVATE LIMITED,SG-TAX-216229,601389735,385 Market St,Singapore,SG,billing@betasolutions.com
ERP-450619,BETA ENTERPRISES PRIVATE LIMITED,SG-TAX-825846,938303850,788 Tech Park,Singapore,SG,billing@betaenterprises.com
ERP-450620,INNOVATE COMPONENTS PRIVATE LIMITED,SG-TAX-286572,315466821,979 Innovation Dr,Singapore,SG,billing@innovatecomponents.com
ERP-450621,GAMMA ENTERPRISES PRIVATE LIMITED,SG-TAX-328994,574144746,148 Tech Park,Singapore,SG,billing@gammaenterprises.com
ERP-450623,ABC GROUP PRIVATE LIMITED,SG-TAX-510339,927844881,156 Innovation Dr,Singapore,SG,billing@abcgroup.com
ERP-450627,GLOBAL LOGISTICS PRIVATE LIMITED,SG-TAX-761249,779454449,918 Industrial Ave,Singapore,SG,billing@globallogistics.com
ERP-450628,GLOBAL SYSTEMS PRIVATE LIMITED,SG-TAX-854701,167637817,198 Industrial Ave,Singapore,SG,billing@globalsystems.com
ERP-450629,ABC LOGISTICS PRIVATE LIMITED,SG-TAX-117215,945870756,547 Tech Park,Singapore,SG,billing@abclogistics.com
ERP-450631,SUMMIT COMPONENTS PRIVATE LIMITED,SG-TAX-354471,284950962,929 Industrial Ave,Singapore,SG,billing@summitcomponents.com
ERP-450634,GAMMA HOLDINGS PRIVATE LIMITED,SG-TAX-721894,394090757,783 Industrial Ave,Singapore,SG,billing@gammaholdings.com
ERP-450637,APEX ENTERPRISES PRIVATE LIMITED,SG-TAX-770905,356896763,212 Market St,Singapore,SG,billing@apexenterprises.com
ERP-450639,GLOBAL SOLUTIONS PRIVATE LIMITED,SG-TAX-898100,927136912,98 Innovation Dr,Singapore,SG,billing@globalsolutions.com
ERP-450641,SUMMIT SYSTEMS PRIVATE LIMITED,SG-TAX-156652,566725127,687 Industrial Ave,Singapore,SG,billing@summitsystems.com
ERP-450643,BETA SOLUTIONS PRIVATE LIMITED,SG-TAX-721497,902178290,739 Tech Park,Singapore,SG,billing@betasolutions.com
ERP-450644,INNOVATE CORP PRIVATE LIMITED,SG-TAX-202827,314700940,334 Market St,Singapore,SG,billing@innovatecorp.com
ERP-450645,SUMMIT COMPONENTS PRIVATE LIMITED,SG-TAX-739037,246463340,149 Market St,Singapore,SG,billing@summitcomponents.com
ERP-450646,GLOBAL HOLDINGS PRIVATE LIMITED,SG-TAX-233391,401296420,208 Innovation Dr,Singapore,SG,billing@globalholdings.com
ERP-450652,GLOBAL SYSTEMS PRIVATE LIMITED,SG-TAX-779099,427315813,303 Market St,Singapore,SG,billing@globalsystems.com
ERP-450654,FUTURE SOLUTIONS PRIVATE LIMITED,SG-TAX-656710,389684139,915 Innovation Dr,Singapore,SG,billing@futuresolutions.com
ERP-450656,ABC HOLDINGS PRIVATE LIMITED,SG-TAX-483349,493454438,114 Tech Park,Singapore,SG,billing@abcholdings.com
ERP-450657,XYZ CORP PRIVATE LIMITED,SG-TAX-665847,907751428,343 Market St,Singapore,SG,billing@xyzcorp.com
ERP-450658,XYZ CORP PRIVATE LIMITED,SG-TAX-380345,158475978,329 Innovation Dr,Singapore,SG,billing@xyzcorp.com
ERP-450661,TECH SOLUTIONS PRIVATE LIMITED,SG-TAX-314178,547252828,509 Market St,Singapore,SG,billing@techsolutions.com
ERP-450662,PINNACLE SYSTEMS PRIVATE LIMITED,SG-TAX-565420,303002339,356 Tech Park,Singapore,SG,billing@pinnaclesystems.com
ERP-450663,PINNACLE HOLDINGS PRIVATE LIMITED,SG-TAX-787614,814956730,593 Innovation Dr,Singapore,SG,billing@pinnacleholdings.com
ERP-450664,FUTURE INDUSTRIES PRIVATE LIMITED,SG-TAX-694806,379180880,469 Innovation Dr,Singapore,SG,billing@futureindustries.com
ERP-450666,TECH SYSTEMS PRIVATE LIMITED,SG-TAX-269087,439974407,860 Market St,Singapore,SG,billing@techsystems.com
ERP-450669,SUMMIT SYSTEMS PRIVATE LIMITED,SG-TAX-263633,644826299,951 Innovation Dr,Singapore,SG,billing@summitsystems.com
ERP-450671,GAMMA INDUSTRIES PRIVATE LIMITED,SG-TAX-521139,199300858,316 Industrial Ave,Singapore,SG,billing@gammaindustries.com
ERP-450674,INNOVATE GROUP PRIVATE LIMITED,SG-TAX-487585,470355261,734 Tech Park,Singapore,SG,billing@innovategroup.com
ERP-450675,BETA CORP PRIVATE LIMITED,SG-TAX-942725,881684761,760 Tech Park,Singapore,SG,billing@betacorp.com
ERP-450676,APEX GROUP PRIVATE LIMITED,SG-TAX-250616,664037702,856 Industrial Ave,Singapore,SG,billing@apexgroup.com
ERP-450677,BETA NETWORKS PRIVATE LIMITED,SG-TAX-529350,696800574,91 Industrial Ave,Singapore,SG,billing@betanetworks.com
ERP-450678,QUANTUM SYSTEMS PRIVATE LIMITED,SG-TAX-403524,987177360,191 Tech Park,Singapore,SG,billing@quantumsystems.com
ERP-450680,SUMMIT SOLUTIONS PRIVATE LIMITED,SG-TAX-615780,228156091,428 Market St,Singapore,SG,billing@summitsolutions.com
ERP-450682,XYZ SOLUTIONS PRIVATE LIMITED,SG-TAX-986340,256913540,525 Industrial Ave,Singapore,SG,billing@xyzsolutions.com
ERP-450683,GAMMA COMPONENTS PRIVATE LIMITED,SG-TAX-767153,668666911,370 Tech Park,Singapore,SG,billing@gammacomponents.com
ERP-450685,FUTURE HOLDINGS PRIVATE LIMITED,SG-TAX-200488,254315506,278 Innovation Dr,Singapore,SG,billing@futureholdings.com
ERP-450686,SUMMIT GROUP PRIVATE LIMITED,SG-TAX-207392,992895309,944 Market St,Singapore,SG,billing@summitgroup.com
ERP-450687,FUTURE INDUSTRIES PRIVATE LIMITED,SG-TAX-537619,240909455,730 Industrial Ave,Singapore,SG,billing@futureindustries.com
ERP-450689,DYNAMIC HOLDINGS PRIVATE LIMITED,SG-TAX-130156,845439079,727 Innovation Dr,Singapore,SG,billing@dynamicholdings.com
ERP-450691,PINNACLE NETWORKS PRIVATE LIMITED,SG-TAX-365302,111029898,481 Industrial Ave,Singapore,SG,billing@pinnaclenetworks.com
ERP-450692,DYNAMIC SOLUTIONS PRIVATE LIMITED,SG-TAX-293757,256290615,602 Market St,Singapore,SG,billing@dynamicsolutions.com
ERP-450694,BETA SOLUTIONS PRIVATE LIMITED,SG-TAX-654527,402641424,782 Industrial Ave,Singapore,SG,billing@betasolutions.com
ERP-450695,XYZ SOLUTIONS PRIVATE LIMITED,SG-TAX-484264,823192710,943 Tech Park,Singapore,SG,billing@xyzsolutions.com
ERP-450696,GAMMA HOLDINGS PRIVATE LIMITED,SG-TAX-639231,437455876,435 Market St,Singapore,SG,billing@gammaholdings.com
ERP-450697,DYNAMIC HOLDINGS PRIVATE LIMITED,SG-TAX-186243,404525471,571 Industrial Ave,Singapore,SG,billing@dynamicholdings.com
ERP-450698,XYZ LOGISTICS PRIVATE LIMITED,SG-TAX-404704,174742261,232 Tech Park,Singapore,SG,billing@xyzlogistics.com
ERP-450699,DYNAMIC ENTERPRISES PRIVATE LIMITED,SG-TAX-806906,570361572,184 Industrial Ave,Singapore,SG,billing@dynamicenterprises.com
ERP-450703,SUMMIT INDUSTRIES PRIVATE LIMITED,SG-TAX-213284,347843014,151 Tech Park,Singapore,SG,billing@summitindustries.com
ERP-450706,PINNACLE ENTERPRISES PRIVATE LIMITED,SG-TAX-794255,682438493,207 Innovation Dr,Singapore,SG,billing@pinnacleenterprises.com
ERP-450708,ALPHA COMPONENTS PRIVATE LIMITED,SG-TAX-840356,435501022,571 Innovation Dr,Singapore,SG,billing@alphacomponents.com
ERP-450709,SUMMIT SOLUTIONS PRIVATE LIMITED,SG-TAX-792142,604463645,692 Tech Park,Singapore,SG,billing@summitsolutions.com
ERP-450712,ABC HOLDINGS PRIVATE LIMITED,SG-TAX-461908,810001048,100 Tech Park,Singapore,SG,billing@abcholdings.com
ERP-450713,BETA SOLUTIONS PRIVATE LIMITED,SG-TAX-278026,594897685,118 Innovation Dr,Singapore,SG,billing@betasolutions.com
ERP-450714,APEX NETWORKS PRIVATE LIMITED,SG-TAX-379570,123876200,924 Tech Park,Singapore,SG,billing@apexnetworks.com
ERP-450716,ABC HOLDINGS PRIVATE LIMITED,SG-TAX-480983,945195456,630 Innovation Dr,Singapore,SG,billing@abcholdings.com
ERP-450719,TECH INDUSTRIES PRIVATE LIMITED,SG-TAX-309795,653373498,444 Innovation Dr,Singapore,SG,billing@techindustries.com
ERP-450721,GLOBAL ENTERPRISES PRIVATE LIMITED,SG-TAX-693616,315444177,960 Tech Park,Singapore,SG,billing@globalenterprises.com
ERP-450722,ABC LOGISTICS PRIVATE LIMITED,SG-TAX-970542,542852340,421 Innovation Dr,Singapore,SG,billing@abclogistics.com
ERP-450723,ABC NETWORKS PRIVATE LIMITED,SG-TAX-219074,955820291,416 Market St,Singapore,SG,billing@abcnetworks.com
ERP-450724,SUMMIT ENTERPRISES PRIVATE LIMITED,SG-TAX-778346,246491273,447 Tech Park,Singapore,SG,billing@summitenterprises.com
ERP-450727,PINNACLE NETWORKS PRIVATE LIMITED,SG-TAX-194632,966173833,258 Tech Park,Singapore,SG,billing@pinnaclenetworks.com
ERP-450729,TECH NETWORKS PRIVATE LIMITED,SG-TAX-833602,609870729,503 Innovation Dr,Singapore,SG,billing@technetworks.com
ERP-450731,ALPHA COMPONENTS PRIVATE LIMITED,SG-TAX-424291,972147112,260 Tech Park,Singapore,SG,billing@alphacomponents.com
ERP-450732,PINNACLE CORP PRIVATE LIMITED,SG-TAX-512064,983375690,398 Industrial Ave,Singapore,SG,billing@pinnaclecorp.com
ERP-450733,TECH CORP PRIVATE LIMITED,SG-TAX-762021,136380179,938 Tech Park,Singapore,SG,billing@techcorp.com
ERP-450736,GAMMA ENTERPRISES PRIVATE LIMITED,SG-TAX-309794,188295994,4 Tech Park,Singapore,SG,billing@gammaenterprises.com
ERP-450737,DYNAMIC SYSTEMS PRIVATE LIMITED,SG-TAX-931145,889385047,703 Tech Park,Singapore,SG,billing@dynamicsystems.com
ERP-450740,SUMMIT CORP PRIVATE LIMITED,SG-TAX-152201,379342292,719 Market St,Singapore,SG,billing@summitcorp.com
ERP-450741,QUANTUM SOLUTIONS PRIVATE LIMITED,SG-TAX-910926,341037805,736 Tech Park,Singapore,SG,billing@quantumsolutions.com
ERP-450743,FUTURE LOGISTICS PRIVATE LIMITED,SG-TAX-528368,381105036,429 Market St,Singapore,SG,billing@futurelogistics.com
ERP-450744,QUANTUM ENTERPRISES PRIVATE LIMITED,SG-TAX-239675,327866978,11 Tech Park,Singapore,SG,billing@quantumenterprises.com
ERP-450745,XYZ GROUP PRIVATE LIMITED,SG-TAX-684056,352159078,75 Industrial Ave,Singapore,SG,billing@xyzgroup.com
ERP-450746,INNOVATE NETWORKS PRIVATE LIMITED,SG-TAX-629050,523802474,6 Innovation Dr,Singapore,SG,billing@innovatenetworks.com
ERP-450747,GAMMA INDUSTRIES PRIVATE LIMITED,SG-TAX-372935,464188244,595 Market St,Singapore,SG,billing@gammaindustries.com
ERP-450748,GAMMA SOLUTIONS PRIVATE LIMITED,SG-TAX-248683,237300968,728 Tech Park,Singapore,SG,billing@gammasolutions.com
ERP-450751,DYNAMIC ENTERPRISES PRIVATE LIMITED,SG-TAX-157217,379413359,194 Market St,Singapore,SG,billing@dynamicenterprises.com
ERP-450754,QUANTUM NETWORKS PRIVATE LIMITED,SG-TAX-651567,182501451,598 Industrial Ave,Singapore,SG,billing@quantumnetworks.com
ERP-450756,SUMMIT ENTERPRISES PRIVATE LIMITED,SG-TAX-723068,147080354,644 Innovation Dr,Singapore,SG,billing@summitenterprises.com
ERP-450757,SUMMIT HOLDINGS PRIVATE LIMITED,SG-TAX-151047,957003791,133 Market St,Singapore,SG,billing@summitholdings.com
ERP-450758,APEX SOLUTIONS PRIVATE LIMITED,SG-TAX-351742,323577467,262 Market St,Singapore,SG,billing@apexsolutions.com
ERP-450760,ABC SOLUTIONS PRIVATE LIMITED,SG-TAX-613406,704577929,525 Market St,Singapore,SG,billing@abcsolutions.com
ERP-450761,BETA GROUP PRIVATE LIMITED,SG-TAX-555193,651196193,629 Market St,Singapore,SG,billing@betagroup.com
ERP-450762,ABC SYSTEMS PRIVATE LIMITED,SG-TAX-404824,960652062,540 Industrial Ave,Singapore,SG,billing@abcsystems.com
ERP-450763,GAMMA SYSTEMS PRIVATE LIMITED,SG-TAX-648501,691625661,862 Market St,Singapore,SG,billing@gammasystems.com
ERP-450764,APEX GROUP PRIVATE LIMITED,SG-TAX-472724,640569491,476 Innovation Dr,Singapore,SG,billing@apexgroup.com
ERP-450765,DYNAMIC SYSTEMS PRIVATE LIMITED,SG-TAX-536471,877490744,47 Industrial Ave,Singapore,SG,billing@dynamicsystems.com
ERP-450767,FUTURE SOLUTIONS PRIVATE LIMITED,SG-TAX-106131,804160934,548 Industrial Ave,Singapore,SG,billing@futuresolutions.com
ERP-450770,GAMMA CORP PRIVATE LIMITED,SG-TAX-190275,552989372,863 Market St,Singapore,SG,billing@gammacorp.com
ERP-450771,XYZ ENTERPRISES PRIVATE LIMITED,SG-TAX-571351,711421299,483 Industrial Ave,Singapore,SG,billing@xyzenterprises.com
ERP-450772,APEX COMPONENTS PRIVATE LIMITED,SG-TAX-761032,546339338,9 Industrial Ave,Singapore,SG,billing@apexcomponents.com
ERP-450773,XYZ NETWORKS PRIVATE LIMITED,SG-TAX-138815,734623587,749 Innovation Dr,Singapore,SG,billing@xyznetworks.com
ERP-450774,ABC ENTERPRISES PRIVATE LIMITED,SG-TAX-653971,694053774,732 Industrial Ave,Singapore,SG,billing@abcenterprises.com
ERP-450775,SUMMIT SOLUTIONS PRIVATE LIMITED,SG-TAX-570103,409249220,638 Innovation Dr,Singapore,SG,billing@summitsolutions.com
ERP-450779,GAMMA NETWORKS PRIVATE LIMITED,SG-TAX-617708,150518836,104 Tech Park,Singapore,SG,billing@gammanetworks.com
ERP-450780,INNOVATE LOGISTICS PRIVATE LIMITED,SG-TAX-283201,168360404,694 Market St,Singapore,SG,billing@innovatelogistics.com
ERP-450785,GAMMA SOLUTIONS PRIVATE LIMITED,SG-TAX-906584,968813060,450 Tech Park,Singapore,SG,billing@gammasolutions.com
ERP-450786,TECH INDUSTRIES PRIVATE LIMITED,SG-TAX-490527,814033220,88 Innovation Dr,Singapore,SG,billing@techindustries.com
ERP-450792,GLOBAL INDUSTRIES PRIVATE LIMITED,SG-TAX-951266,311844701,715 Innovation Dr,Singapore,SG,billing@globalindustries.com
ERP-450794,PINNACLE LOGISTICS PRIVATE LIMITED,SG-TAX-646660,129947975,96 Innovation Dr,Singapore,SG,billing@pinnaclelogistics.com
ERP-450795,PINNACLE NETWORKS PRIVATE LIMITED,SG-TAX-861800,164366244,248 Innovation Dr,Singapore,SG,billing@pinnaclenetworks.com
ERP-450796,TECH INDUSTRIES PRIVATE LIMITED,SG-TAX-893310,714647698,127 Industrial Ave,Singapore,SG,billing@techindustries.com
ERP-450798,QUANTUM SYSTEMS PRIVATE LIMITED,SG-TAX-210338,983520645,533 Market St,Singapore,SG,billing@quantumsystems.com
ERP-450799,SUMMIT SOLUTIONS PRIVATE LIMITED,SG-TAX-968679,556218652,729 Tech Park,Singapore,SG,billing@summitsolutions.com
ERP-450800,SUMMIT CORP PRIVATE LIMITED,SG-TAX-809699,657212948,80 Innovation Dr,Singapore,SG,billing@summitcorp.com
ERP-450804,APEX SOLUTIONS PRIVATE LIMITED,SG-TAX-142238,427410286,379 Innovation Dr,Singapore,SG,billing@apexsolutions.com
ERP-450805,TECH LOGISTICS PRIVATE LIMITED,SG-TAX-249044,427667311,29 Market St,Singapore,SG,billing@techlogistics.com
ERP-450808,GAMMA SYSTEMS PRIVATE LIMITED,SG-TAX-898678,881538189,652 Tech Park,Singapore,SG,billing@gammasystems.com
ERP-450811,TECH INDUSTRIES PRIVATE LIMITED,SG-TAX-301774,156773435,660 Industrial Ave,Singapore,SG,billing@techindustries.com
ERP-450812,PINNACLE CORP PRIVATE LIMITED,SG-TAX-226126,120372732,515 Industrial Ave,Singapore,SG,billing@pinnaclecorp.com
ERP-450813,FUTURE NETWORKS PRIVATE LIMITED,SG-TAX-521315,124978726,87 Innovation Dr,Singapore,SG,billing@futurenetworks.com
ERP-450814,PINNACLE HOLDINGS PRIVATE LIMITED,SG-TAX-220213,254655603,264 Industrial Ave,Singapore,SG,billing@pinnacleholdings.com
ERP-450815,APEX SYSTEMS PRIVATE LIMITED,SG-TAX-290272,518694576,630 Innovation Dr,Singapore,SG,billing@apexsystems.com
ERP-450816,TECH GROUP PRIVATE LIMITED,SG-TAX-351262,629332643,54 Market St,Singapore,SG,billing@techgroup.com
ERP-450817,PINNACLE GROUP PRIVATE LIMITED,SG-TAX-433799,619875201,276 Industrial Ave,Singapore,SG,billing@pinnaclegroup.com
ERP-450820,APEX INDUSTRIES PRIVATE LIMITED,SG-TAX-952118,279724704,43 Industrial Ave,Singapore,SG,billing@apexindustries.com
ERP-450821,QUANTUM LOGISTICS PRIVATE LIMITED,SG-TAX-713583,273319432,360 Market St,Singapore,SG,billing@quantumlogistics.com
ERP-450823,APEX CORP PRIVATE LIMITED,SG-TAX-815234,908199028,981 Innovation Dr,Singapore,SG,billing@apexcorp.com
ERP-450824,TECH CORP PRIVATE LIMITED,SG-TAX-582134,842862979,350 Market St,Singapore,SG,billing@techcorp.com
ERP-450825,ALPHA COMPONENTS PRIVATE LIMITED,SG-TAX-899502,796962892,424 Tech Park,Singapore,SG,billing@alphacomponents.com
ERP-450827,XYZ COMPONENTS PRIVATE LIMITED,SG-TAX-302365,121240400,474 Innovation Dr,Singapore,SG,billing@xyzcomponents.com
ERP-450828,ABC HOLDINGS PRIVATE LIMITED,SG-TAX-947684,630223017,93 Innovation Dr,Singapore,SG,billing@abcholdings.com
ERP-450829,ALPHA LOGISTICS PRIVATE LIMITED,SG-TAX-107482,397799667,927 Market St,Singapore,SG,billing@alphalogistics.com
ERP-450835,GLOBAL GROUP PRIVATE LIMITED,SG-TAX-306440,772156679,940 Market St,Singapore,SG,billing@globalgroup.com
ERP-450837,GLOBAL SOLUTIONS PRIVATE LIMITED,SG-TAX-972957,354201569,245 Innovation Dr,Singapore,SG,billing@globalsolutions.com
ERP-450838,DYNAMIC NETWORKS PRIVATE LIMITED,SG-TAX-755725,165162109,783 Industrial Ave,Singapore,SG,billing@dynamicnetworks.com
ERP-450839,APEX HOLDINGS PRIVATE LIMITED,SG-TAX-165014,755775616,802 Market St,Singapore,SG,billing@apexholdings.com
ERP-450840,BETA SOLUTIONS PRIVATE LIMITED,SG-TAX-409242,762822951,573 Industrial Ave,Singapore,SG,billing@betasolutions.com
ERP-450842,INNOVATE COMPONENTS PRIVATE LIMITED,SG-TAX-716366,739064402,530 Innovation Dr,Singapore,SG,billing@innovatecomponents.com
ERP-450844,GLOBAL SYSTEMS PRIVATE LIMITED,SG-TAX-426806,799762892,62 Market St,Singapore,SG,billing@globalsystems.com
ERP-450847,GLOBAL SOLUTIONS PRIVATE LIMITED,SG-TAX-828531,455564697,194 Tech Park,Singapore,SG,billing@globalsolutions.com
ERP-450850,INNOVATE GROUP PRIVATE LIMITED,SG-TAX-966212,484277885,410 Market St,Singapore,SG,billing@innovategroup.com
ERP-450851,GLOBAL NETWORKS PRIVATE LIMITED,SG-TAX-308795,381319126,45 Industrial Ave,Singapore,SG,billing@globalnetworks.com
ERP-450853,DYNAMIC SOLUTIONS PRIVATE LIMITED,SG-TAX-419891,499808042,959 Market St,Singapore,SG,billing@dynamicsolutions.com
ERP-450855,QUANTUM GROUP PRIVATE LIMITED,SG-TAX-900149,674954759,944 Industrial Ave,Singapore,SG,billing@quantumgroup.com
ERP-450857,QUANTUM SOLUTIONS PRIVATE LIMITED,SG-TAX-887803,657156434,521 Tech Park,Singapore,SG,billing@quantumsolutions.com
ERP-450858,INNOVATE HOLDINGS PRIVATE LIMITED,SG-TAX-850413,530512565,712 Tech Park,Singapore,SG,billing@innovateholdings.com
ERP-450859,DYNAMIC NETWORKS PRIVATE LIMITED,SG-TAX-312861,428563967,213 Market St,Singapore,SG,billing@dynamicnetworks.com
ERP-450860,APEX NETWORKS PRIVATE LIMITED,SG-TAX-366893,190224542,958 Innovation Dr,Singapore,SG,billing@apexnetworks.com
ERP-450861,ALPHA ENTERPRISES PRIVATE LIMITED,SG-TAX-546800,494612942,637 Innovation Dr,Singapore,SG,billing@alphaenterprises.com
ERP-450863,PINNACLE INDUSTRIES PRIVATE LIMITED,SG-TAX-338804,141104326,805 Innovation Dr,Singapore,SG,billing@pinnacleindustries.com
ERP-450867,PINNACLE ENTERPRISES PRIVATE LIMITED,SG-TAX-428282,849408730,349 Industrial Ave,Singapore,SG,billing@pinnacleenterprises.com
ERP-450868,SUMMIT ENTERPRISES PRIVATE LIMITED,SG-TAX-245699,892212155,31 Innovation Dr,Singapore,SG,billing@summitenterprises.com
ERP-450869,INNOVATE CORP PRIVATE LIMITED,SG-TAX-899897,450125214,436 Tech Park,Singapore,SG,billing@innovatecorp.com
ERP-450871,APEX GROUP PRIVATE LIMITED,SG-TAX-166803,216649547,972 Tech Park,Singapore,SG,billing@apexgroup.com
ERP-450873,APEX LOGISTICS PRIVATE LIMITED,SG-TAX-791609,495837354,239 Innovation Dr,Singapore,SG,billing@apexlogistics.com
ERP-450874,GAMMA HOLDINGS PRIVATE LIMITED,SG-TAX-216123,897943460,401 Market St,Singapore,SG,billing@gammaholdings.com
ERP-450877,GLOBAL INDUSTRIES PRIVATE LIMITED,SG-TAX-582559,197820759,933 Tech Park,Singapore,SG,billing@globalindustries.com
ERP-450879,SUMMIT GROUP PRIVATE LIMITED,SG-TAX-512668,269578434,716 Industrial Ave,Singapore,SG,billing@summitgroup.com
ERP-450880,BETA CORP PRIVATE LIMITED,SG-TAX-486643,936993180,422 Industrial Ave,Singapore,SG,billing@betacorp.com
ERP-450883,SUMMIT SOLUTIONS PRIVATE LIMITED,SG-TAX-848244,399726314,562 Market St,Singapore,SG,billing@summitsolutions.com
ERP-450884,GAMMA COMPONENTS PRIVATE LIMITED,SG-TAX-230182,183306581,182 Innovation Dr,Singapore,SG,billing@gammacomponents.com
ERP-450885,ALPHA LOGISTICS PRIVATE LIMITED,SG-TAX-286583,824823116,452 Innovation Dr,Singapore,SG,billing@alphalogistics.com
ERP-450886,SUMMIT COMPONENTS PRIVATE LIMITED,SG-TAX-509593,742318110,657 Industrial Ave,Singapore,SG,billing@summitcomponents.com
ERP-450888,GLOBAL SOLUTIONS PRIVATE LIMITED,SG-TAX-146150,451265476,742 Market St,Singapore,SG,billing@globalsolutions.com
ERP-450889,PINNACLE GROUP PRIVATE LIMITED,SG-TAX-324164,116100303,124 Market St,Singapore,SG,billing@pinnaclegroup.com
ERP-450891,INNOVATE COMPONENTS PRIVATE LIMITED,SG-TAX-531066,209321507,907 Market St,Singapore,SG,billing@innovatecomponents.com
ERP-450893,DYNAMIC SYSTEMS PRIVATE LIMITED,SG-TAX-992919,118950252,180 Innovation Dr,Singapore,SG,billing@dynamicsystems.com
ERP-450895,TECH CORP PRIVATE LIMITED,SG-TAX-749871,635503487,776 Market St,Singapore,SG,billing@techcorp.com
ERP-450897,PINNACLE GROUP PRIVATE LIMITED,SG-TAX-340134,360112864,769 Industrial Ave,Singapore,SG,billing@pinnaclegroup.com
ERP-450898,GLOBAL CORP PRIVATE LIMITED,SG-TAX-292461,627896893,534 Innovation Dr,Singapore,SG,billing@globalcorp.com
ERP-450899,GAMMA CORP PRIVATE LIMITED,SG-TAX-721418,183928507,94 Market St,Singapore,SG,billing@gammacorp.com
ERP-450901,GLOBAL LOGISTICS PRIVATE LIMITED,SG-TAX-517589,553867727,82 Innovation Dr,Singapore,SG,billing@globallogistics.com
ERP-450902,XYZ GROUP PRIVATE LIMITED,SG-TAX-120773,189370596,840 Tech Park,Singapore,SG,billing@xyzgroup.com
ERP-450903,TECH NETWORKS PRIVATE LIMITED,SG-TAX-369789,404111334,157 Market St,Singapore,SG,billing@technetworks.com
ERP-450905,APEX HOLDINGS PRIVATE LIMITED,SG-TAX-772188,141690057,502 Innovation Dr,Singapore,SG,billing@apexholdings.com
ERP-450907,INNOVATE INDUSTRIES PRIVATE LIMITED,SG-TAX-830286,555309840,651 Innovation Dr,Singapore,SG,billing@innovateindustries.com
ERP-450908,GLOBAL ENTERPRISES PRIVATE LIMITED,SG-TAX-761601,814763773,944 Innovation Dr,Singapore,SG,billing@globalenterprises.com
ERP-450909,TECH NETWORKS PRIVATE LIMITED,SG-TAX-366640,811466339,967 Market St,Singapore,SG,billing@technetworks.com
ERP-450914,APEX LOGISTICS PRIVATE LIMITED,SG-TAX-492850,622344543,175 Market St,Singapore,SG,billing@apexlogistics.com
ERP-450915,FUTURE CORP PRIVATE LIMITED,SG-TAX-886343,538937500,206 Industrial Ave,Singapore,SG,billing@futurecorp.com
ERP-450916,QUANTUM SOLUTIONS PRIVATE LIMITED,SG-TAX-189870,467382830,82 Innovation Dr,Singapore,SG,billing@quantumsolutions.com
ERP-450917,DYNAMIC SOLUTIONS PRIVATE LIMITED,SG-TAX-888318,144946135,63 Innovation Dr,Singapore,SG,billing@dynamicsolutions.com
ERP-450920,DYNAMIC SOLUTIONS PRIVATE LIMITED,SG-TAX-860448,231957007,468 Tech Park,Singapore,SG,billing@dynamicsolutions.com
ERP-450921,TECH CORP PRIVATE LIMITED,SG-TAX-639926,785125940,463 Tech Park,Singapore,SG,billing@techcorp.com
ERP-450922,FUTURE HOLDINGS PRIVATE LIMITED,SG-TAX-147976,577070108,649 Innovation Dr,Singapore,SG,billing@futureholdings.com
ERP-450924,TECH NETWORKS PRIVATE LIMITED,SG-TAX-645316,237290086,730 Market St,Singapore,SG,billing@technetworks.com
ERP-450925,BETA LOGISTICS PRIVATE LIMITED,SG-TAX-276216,680537748,896 Tech Park,Singapore,SG,billing@betalogistics.com
ERP-450927,ABC SOLUTIONS PRIVATE LIMITED,SG-TAX-194835,340310093,945 Tech Park,Singapore,SG,billing@abcsolutions.com
ERP-450929,FUTURE GROUP PRIVATE LIMITED,SG-TAX-221309,465327609,229 Innovation Dr,Singapore,SG,billing@futuregroup.com
ERP-450930,GLOBAL SOLUTIONS PRIVATE LIMITED,SG-TAX-994781,101802268,377 Market St,Singapore,SG,billing@globalsolutions.com
ERP-450931,APEX GROUP PRIVATE LIMITED,SG-TAX-936258,745982017,790 Innovation Dr,Singapore,SG,billing@apexgroup.com
ERP-450933,SUMMIT SYSTEMS PRIVATE LIMITED,SG-TAX-727971,839378623,150 Industrial Ave,Singapore,SG,billing@summitsystems.com
ERP-450934,SUMMIT CORP PRIVATE LIMITED,SG-TAX-161669,869621966,299 Tech Park,Singapore,SG,billing@summitcorp.com
ERP-450936,FUTURE SYSTEMS PRIVATE LIMITED,SG-TAX-453800,473991966,562 Tech Park,Singapore,SG,billing@futuresystems.com
ERP-450938,BETA SYSTEMS PRIVATE LIMITED,SG-TAX-991090,275765597,771 Industrial Ave,Singapore,SG,billing@betasystems.com
ERP-450939,SUMMIT ENTERPRISES PRIVATE LIMITED,SG-TAX-319955,799261476,919 Market St,Singapore,SG,billing@summitenterprises.com
ERP-450943,APEX SOLUTIONS PRIVATE LIMITED,SG-TAX-388584,112458001,886 Tech Park,Singapore,SG,billing@apexsolutions.com
ERP-450944,ABC INDUSTRIES PRIVATE LIMITED,SG-TAX-387021,736598991,24 Tech Park,Singapore,SG,billing@abcindustries.com
ERP-450946,GAMMA GROUP PRIVATE LIMITED,SG-TAX-167037,979209446,404 Tech Park,Singapore,SG,billing@gammagroup.com
ERP-450948,GAMMA SOLUTIONS PRIVATE LIMITED,SG-TAX-188720,684574207,263 Industrial Ave,Singapore,SG,billing@gammasolutions.com
ERP-450949,GLOBAL LOGISTICS PRIVATE LIMITED,SG-TAX-791176,626608970,969 Innovation Dr,Singapore,SG,billing@globallogistics.com
ERP-450951,FUTURE CORP PRIVATE LIMITED,SG-TAX-720529,768203221,617 Market St,Singapore,SG,billing@futurecorp.com
ERP-450954,GLOBAL HOLDINGS PRIVATE LIMITED,SG-TAX-540073,945876699,674 Market St,Singapore,SG,billing@globalholdings.com
ERP-450958,DYNAMIC ENTERPRISES PRIVATE LIMITED,SG-TAX-834480,752262668,542 Innovation Dr,Singapore,SG,billing@dynamicenterprises.com
ERP-450959,DYNAMIC GROUP PRIVATE LIMITED,SG-TAX-600025,837293786,354 Tech Park,Singapore,SG,billing@dynamicgroup.com
ERP-450963,INNOVATE SOLUTIONS PRIVATE LIMITED,SG-TAX-198181,898229824,79 Market St,Singapore,SG,billing@innovatesolutions.com
ERP-450967,PINNACLE CORP PRIVATE LIMITED,SG-TAX-980184,154660511,77 Innovation Dr,Singapore,SG,billing@pinnaclecorp.com
ERP-450969,FUTURE SOLUTIONS PRIVATE LIMITED,SG-TAX-407804,777720556,307 Tech Park,Singapore,SG,billing@futuresolutions.com
ERP-450970,GLOBAL LOGISTICS PRIVATE LIMITED,SG-TAX-585550,106325523,846 Industrial Ave,Singapore,SG,billing@globallogistics.com
ERP-450971,INNOVATE LOGISTICS PRIVATE LIMITED,SG-TAX-466709,109517365,110 Industrial Ave,Singapore,SG,billing@innovatelogistics.com
ERP-450972,PINNACLE SYSTEMS PRIVATE LIMITED,SG-TAX-107246,605408862,127 Tech Park,Singapore,SG,billing@pinnaclesystems.com
ERP-450973,GAMMA INDUSTRIES PRIVATE LIMITED,SG-TAX-788159,479823041,112 Tech Park,Singapore,SG,billing@gammaindustries.com
ERP-450974,ALPHA HOLDINGS PRIVATE LIMITED,SG-TAX-398739,898782296,114 Market St,Singapore,SG,billing@alphaholdings.com
ERP-450976,PINNACLE GROUP PRIVATE LIMITED,SG-TAX-931219,636871915,113 Industrial Ave,Singapore,SG,billing@pinnaclegroup.com
ERP-450977,FUTURE HOLDINGS PRIVATE LIMITED,SG-TAX-555426,188707067,612 Industrial Ave,Singapore,SG,billing@futureholdings.com
ERP-450981,QUANTUM CORP PRIVATE LIMITED,SG-TAX-498828,780011404,886 Industrial Ave,Singapore,SG,billing@quantumcorp.com
ERP-450982,GLOBAL HOLDINGS PRIVATE LIMITED,SG-TAX-634630,218170604,491 Industrial Ave,Singapore,SG,billing@globalholdings.com
ERP-450983,APEX CORP PRIVATE LIMITED,SG-TAX-290580,899674279,917 Industrial Ave,Singapore,SG,billing@apexcorp.com
ERP-450984,QUANTUM SOLUTIONS PRIVATE LIMITED,SG-TAX-615151,204031858,190 Innovation Dr,Singapore,SG,billing@quantumsolutions.com
ERP-450986,QUANTUM HOLDINGS PRIVATE LIMITED,SG-TAX-320235,214209107,666 Innovation Dr,Singapore,SG,billing@quantumholdings.com
ERP-450988,PINNACLE SYSTEMS PRIVATE LIMITED,SG-TAX-538527,915351389,131 Market St,Singapore,SG,billing@pinnaclesystems.com
ERP-450989,PINNACLE HOLDINGS PRIVATE LIMITED,SG-TAX-557311,641025679,460 Industrial Ave,Singapore,SG,billing@pinnacleholdings.com
ERP-450990,GAMMA NETWORKS PRIVATE LIMITED,SG-TAX-403726,844965656,714 Market St,Singapore,SG,billing@gammanetworks.com
ERP-450991,PINNACLE INDUSTRIES PRIVATE LIMITED,SG-TAX-887195,519024421,170 Tech Park,Singapore,SG,billing@pinnacleindustries.com
ERP-450993,DYNAMIC INDUSTRIES PRIVATE LIMITED,SG-TAX-418148,388315411,516 Innovation Dr,Singapore,SG,billing@dynamicindustries.com
ERP-450994,GAMMA CORP PRIVATE LIMITED,SG-TAX-406019,398238769,547 Market St,Singapore,SG,billing@gammacorp.com
ERP-450997,ALPHA HOLDINGS PRIVATE LIMITED,SG-TAX-285320,935570846,749 Innovation Dr,Singapore,SG,billing@alphaholdings.com
ERP-450998,QUANTUM SOLUTIONS PRIVATE LIMITED,SG-TAX-756649,977082820,969 Innovation Dr,Singapore,SG,billing@quantumsolutions.com
