support_org_id,org_name,tax_id,region,support_mail
SUP-9001,Pinnacle.,131244,APAC,help@pinnaclesolutions.com
SUP-9002,Pinnacle.,948749,APAC,
SUP-9006,Future C.,575435,APAC,
SUP-9009,Quantum Holdings,514850,APAC,help@quantumholdings.com
SUP-9010,Quantum .,329974,APAC,help@quantumgroup.com
SUP-9012,Alpha So.,905934,APAC,help@alphasolutions.com
SUP-9025,Dynamic .,604740,APAC,help@dynamiccorp.com
SUP-9028,Alpha In.,171849,APAC,
SUP-9035,Pinnacle.,196781,APAC,help@pinnacleenterprises.com
SUP-9039,Apex Networks,270395,APAC,help@apexnetworks.com
SUP-9042,Tech Holdings,128941,APAC,help@techholdings.com
SUP-9045,Beta Logistics,442027,APAC,help@betalogistics.com
SUP-9048,Dynamic .,197923,APAC,help@dynamicsystems.com
SUP-9049,Global E.,760356,APAC,help@globalenterprises.com
SUP-9052,Quantum Industries,266889,APAC,help@quantumindustries.com
SUP-9053,Pinnacle Enterprises,181247,APAC,help@pinnacleenterprises.com
SUP-9056,Tech Group,611945,APAC,help@techgroup.com
SUP-9058,ABC Comp.,242291,APAC,help@abccomponents.com
SUP-9059,Apex Log.,593152,APAC,
SUP-9060,Alpha Components,751517,APAC,help@alphacomponents.com
SUP-9061,Tech Hol.,915573,APAC,help@techholdings.com
SUP-9062,ABC Group,179688,APAC,help@abcgroup.com
SUP-9063,ABC Networks,464069,APAC,help@abcnetworks.com
SUP-9066,Future S.,355709,APAC,
SUP-9067,Gamma En.,456871,APAC,
SUP-9069,Alpha Solutions,825391,APAC,help@alphasolutions.com
SUP-9070,XYZ Indu.,384076,APAC,help@xyzindustries.com
SUP-9072,Tech Sol.,478411,APAC,help@techsolutions.com
SUP-9073,Tech Sys.,701949,APAC,
SUP-9074,Summit Solutions,177680,APAC,
SUP-9075,Beta Corp,735770,APAC,help@betacorp.com
SUP-9076,Quantum .,739244,APAC,help@quantumgroup.com
SUP-9081,Summit L.,624783,APAC,help@summitlogistics.com
SUP-9084,Beta Enterprises,436653,APAC,help@betaenterprises.com
SUP-9090,Global E.,299869,APAC,help@globalenterprises.com
SUP-9092,Quantum Enterprises,461888,APAC,
SUP-9094,Dynamic .,619389,APAC,
SUP-9096,Innovate.,993140,APAC,help@innovatenetworks.com
SUP-9098,XYZ Solutions,565230,APAC,help@xyzsolutions.com
SUP-9101,Dynamic Enterprises,177449,APAC,help@dynamicenterprises.com
SUP-9102,Summit Logistics,211834,APAC,help@summitlogistics.com
SUP-9108,Dynamic Logistics,591081,APAC,help@dynamiclogistics.com
SUP-9111,Pinnacle.,766269,APAC,help@pinnacleholdings.com
SUP-9114,Tech Components,566297,APAC,help@techcomponents.com
SUP-9118,Tech Sys.,937302,APAC,help@techsystems.com
SUP-9124,Future Industries,339592,APAC,help@futureindustries.com
SUP-9125,Innovate.,820184,APAC,help@innovatelogistics.com
SUP-9129,Pinnacle.,130359,APAC,help@pinnaclenetworks.com
SUP-9130,Future Systems,172965,APAC,help@futuresystems.com
SUP-9135,Dynamic Logistics,108105,APAC,help@dynamiclogistics.com
SUP-9137,Quantum Group,403578,APAC,help@quantumgroup.com
SUP-9138,XYZ Hold.,355135,APAC,help@xyzholdings.com
SUP-9139,Innovate Systems,656379,APAC,
SUP-9142,Quantum .,258290,APAC,help@quantumnetworks.com
SUP-9143,Pinnacle Solutions,139434,APAC,
SUP-9147,Quantum Systems,506235,APAC,help@quantumsystems.com
SUP-9149,Quantum Systems,466813,APAC,
SUP-9152,Innovate Enterprises,262471,APAC,
SUP-9155,Dynamic Enterprises,424500,APAC,help@dynamicenterprises.com
SUP-9158,Beta Ind.,900185,APAC,
SUP-9159,Global E.,535050,APAC,help@globalenterprises.com
SUP-9162,XYZ Networks,913875,APAC,help@xyznetworks.com
SUP-9163,Beta Sol.,762652,APAC,help@betasolutions.com
SUP-9165,Dynamic .,592972,APAC,help@dynamicindustries.com
SUP-9170,Apex Group,455505,APAC,help@apexgroup.com
SUP-9174,ABC Syst.,136489,APAC,help@abcsystems.com
SUP-9175,Quantum .,490084,APAC,help@quantumsystems.com
SUP-9178,XYZ Ente.,800280,APAC,help@xyzenterprises.com
SUP-9179,XYZ Systems,227257,APAC,help@xyzsystems.com
SUP-9184,Future Solutions,231250,APAC,help@futuresolutions.com
SUP-9185,Quantum .,983456,APAC,help@quantumsystems.com
SUP-9187,ABC Logi.,411882,APAC,help@abclogistics.com
SUP-9189,Beta Hol.,380464,APAC,help@betaholdings.com
SUP-9191,Tech Ent.,629996,APAC,help@techenterprises.com
SUP-9193,Dynamic .,153642,APAC,help@dynamicgroup.com
SUP-9197,Tech Networks,843167,APAC,
SUP-9198,Quantum .,378428,APAC,help@quantumlogistics.com
SUP-9201,XYZ Comp.,688132,APAC,
SUP-9202,Innovate.,739711,APAC,
SUP-9205,Tech Components,463188,APAC,help@techcomponents.com
SUP-9206,Pinnacle.,354235,APAC,help@pinnaclelogistics.com
SUP-9209,Future Components,138105,APAC,
SUP-9212,Tech Systems,929179,APAC,help@techsystems.com
SUP-9214,Global Components,568436,APAC,help@globalcomponents.com
SUP-9218,ABC Networks,653829,APAC,
SUP-9219,Global Networks,444056,APAC,help@globalnetworks.com
SUP-9221,Dynamic .,956113,APAC,help@dynamiclogistics.com
SUP-9225,Dynamic .,657772,APAC,
SUP-9226,Dynamic .,744793,APAC,help@dynamicsolutions.com
SUP-9229,Future Holdings,792282,APAC,
SUP-9230,Gamma Gr.,461145,APAC,help@gammagroup.com
SUP-9231,Apex Sys.,990598,APAC,help@apexsystems.com
SUP-9232,Apex Gro.,507286,APAC,help@apexgroup.com
SUP-9233,Pinnacle Corp,806396,APAC,help@pinnaclecorp.com
SUP-9235,Beta Enterprises,515898,APAC,help@betaenterprises.com
SUP-9241,Future S.,532424,APAC,help@futuresolutions.com
SUP-9242,Alpha Networks,116495,APAC,help@alphanetworks.com
SUP-9245,Global C.,785491,APAC,help@globalcorp.com
SUP-9249,Dynamic Group,691353,APAC,help@dynamicgroup.com
SUP-9250,Dynamic Systems,156304,APAC,
SUP-9253,Beta Log.,875584,APAC,help@betalogistics.com
SUP-9254,Tech Sol.,551914,APAC,help@techsolutions.com
SUP-9256,Pinnacle.,818605,APAC,help@pinnaclecorp.com
SUP-9258,Quantum Corp,419457,APAC,help@quantumcorp.com
SUP-9260,Innovate.,441716,APAC,help@innovatelogistics.com
SUP-9261,Quantum Industries,862538,APAC,
SUP-9264,Innovate Industries,214682,APAC,help@innovateindustries.com
SUP-9267,Pinnacle Systems,209627,APAC,help@pinnaclesystems.com
SUP-9270,ABC Syst.,678719,APAC,help@abcsystems.com
SUP-9271,ABC Grou.,571413,APAC,help@abcgroup.com
SUP-9274,Quantum .,804758,APAC,help@quantumsystems.com
SUP-9280,Pinnacle Industries,380901,APAC,help@pinnacleindustries.com
SUP-9281,XYZ Enterprises,207391,APAC,help@xyzenterprises.com
SUP-9285,ABC Solutions,162165,APAC,
SUP-9287,Dynamic .,828449,APAC,help@dynamicsolutions.com
SUP-9291,Apex Cor.,266699,APAC,
SUP-9293,Alpha Corp,722518,APAC,
SUP-9294,Future G.,340068,APAC,
SUP-9295,Gamma Gr.,171734,APAC,help@gammagroup.com
SUP-9298,XYZ Networks,989079,APAC,help@xyznetworks.com
SUP-9305,Beta Enterprises,225245,APAC,help@betaenterprises.com
SUP-9306,Dynamic Logistics,886197,APAC,help@dynamiclogistics.com
SUP-9310,Gamma Components,335421,APAC,help@gammacomponents.com
SUP-9311,Beta Ind.,943409,APAC,help@betaindustries.com
SUP-9312,Future Logistics,108356,APAC,help@futurelogistics.com
SUP-9313,Quantum Enterprises,257880,APAC,
SUP-9316,XYZ Solutions,768169,APAC,help@xyzsolutions.com
SUP-9317,Tech Log.,834764,APAC,help@techlogistics.com
SUP-9320,Future N.,255528,APAC,help@futurenetworks.com
SUP-9321,Future S.,996114,APAC,
SUP-9325,XYZ Grou.,816400,APAC,help@xyzgroup.com
SUP-9326,Quantum .,623125,APAC,help@quantumnetworks.com
SUP-9328,Innovate Networks,383572,APAC,help@innovatenetworks.com
SUP-9329,Dynamic Enterprises,267378,APAC,
SUP-9330,Alpha Corp,472039,APAC,help@alphacorp.com
SUP-9332,Beta Com.,120896,APAC,help@betacomponents.com
SUP-9336,Dynamic Holdings,496764,APAC,
SUP-9337,Quantum .,731650,APAC,help@quantumgroup.com
SUP-9339,Innovate.,361662,APAC,help@innovateenterprises.com
SUP-9341,Dynamic .,177289,APAC,help@dynamicnetworks.com
SUP-9347,Beta Log.,793150,APAC,help@betalogistics.com
SUP-9361,Pinnacle.,242239,APAC,
SUP-9368,Summit Logistics,810091,APAC,
SUP-9372,Tech Group,711344,APAC,help@techgroup.com
SUP-9373,ABC Ente.,986486,APAC,help@abcenterprises.com
SUP-9377,Future S.,529068,APAC,help@futuresystems.com
SUP-9379,Dynamic .,764259,APAC,help@dynamicsolutions.com
SUP-9380,Innovate Components,118786,APAC,help@innovatecomponents.com
SUP-9383,Dynamic Corp,120053,APAC,help@dynamiccorp.com
SUP-9385,Quantum .,150578,APAC,help@quantumcomponents.com
SUP-9387,Apex Sol.,396439,APAC,help@apexsolutions.com
SUP-9390,Gamma So.,368322,APAC,
SUP-9392,Alpha Systems,558976,APAC,help@alphasystems.com
SUP-9399,Alpha Sy.,993251,APAC,help@alphasystems.com
SUP-9401,Summit S.,224473,APAC,help@summitsolutions.com
SUP-9402,Alpha So.,786393,APAC,help@alphasolutions.com
SUP-9403,Summit Holdings,851470,APAC,help@summitholdings.com
SUP-9413,ABC Group,947568,APAC,help@abcgroup.com
SUP-9414,Dynamic Systems,253541,APAC,help@dynamicsystems.com
SUP-9416,Dynamic Logistics,506380,APAC,help@dynamiclogistics.com
SUP-9417,Future Enterprises,891787,APAC,help@futureenterprises.com
SUP-9418,Summit S.,870786,APAC,help@summitsystems.com
SUP-9424,Alpha Holdings,504620,APAC,help@alphaholdings.com
SUP-9427,Apex Sol.,777968,APAC,help@apexsolutions.com
SUP-9430,ABC Networks,834928,APAC,help@abcnetworks.com
SUP-9431,Beta Logistics,962057,APAC,help@betalogistics.com
SUP-9434,Beta Log.,322022,APAC,help@betalogistics.com
SUP-9435,Tech Corp,992744,APAC,help@techcorp.com
SUP-9436,Global Networks,474486,APAC,
SUP-9441,Beta Sol.,952117,APAC,help@betasolutions.com
SUP-9442,Pinnacle.,334153,APAC,help@pinnacleenterprises.com
SUP-9444,Gamma Enterprises,871667,APAC,help@gammaenterprises.com
SUP-9446,Alpha Holdings,975427,APAC,help@alphaholdings.com
SUP-9448,Summit N.,561267,APAC,help@summitnetworks.com
SUP-9454,Gamma Holdings,340977,APAC,help@gammaholdings.com
SUP-9459,Beta Logistics,298202,APAC,help@betalogistics.com
SUP-9460,Apex Corp,211760,APAC,help@apexcorp.com
SUP-9462,Innovate.,421549,APAC,
SUP-9469,XYZ Solutions,861411,APAC,help@xyzsolutions.com
SUP-9470,Quantum .,702833,APAC,help@quantumcorp.com
SUP-9471,Beta Ind.,827912,APAC,help@betaindustries.com
SUP-9473,Global C.,641593,APAC,help@globalcorp.com
SUP-9474,XYZ Holdings,599704,APAC,help@xyzholdings.com
SUP-9478,Tech Gro.,156778,APAC,
SUP-9479,Dynamic .,430984,APAC,help@dynamicsystems.com
SUP-9480,Future L.,348658,APAC,help@futurelogistics.com
SUP-9483,Gamma En.,623866,APAC,help@gammaenterprises.com
SUP-9485,ABC Solu.,372387,APAC,help@abcsolutions.com
SUP-9490,Gamma Co.,794180,APAC,help@gammacomponents.com
SUP-9491,Beta Ent.,908382,APAC,help@betaenterprises.com
SUP-9492,ABC Group,873422,APAC,help@abcgroup.com
SUP-9500,Dynamic .,532961,APAC,help@dynamicnetworks.com
SUP-9501,XYZ Networks,120337,APAC,help@xyznetworks.com
SUP-9502,Gamma Enterprises,258003,APAC,
SUP-9503,Summit Components,158760,APAC,help@summitcomponents.com
SUP-9504,Apex Components,503489,APAC,help@apexcomponents.com
SUP-9508,Apex Corp,709303,APAC,help@apexcorp.com
SUP-9510,Gamma Enterprises,944654,APAC,help@gammaenterprises.com
SUP-9512,Innovate.,172222,APAC,help@innovateenterprises.com
SUP-9513,ABC Industries,119629,APAC,help@abcindustries.com
SUP-9514,Pinnacle Group,902930,APAC,help@pinnaclegroup.com
SUP-9515,Pinnacle Solutions,287316,APAC,
SUP-9516,ABC Enterprises,151470,APAC,help@abcenterprises.com
SUP-9523,XYZ Holdings,493282,APAC,help@xyzholdings.com
SUP-9524,Apex Com.,642752,APAC,help@apexcomponents.com
SUP-9525,XYZ Logistics,198867,APAC,help@xyzlogistics.com
SUP-9533,Global Enterprises,688426,APAC,help@globalenterprises.com
SUP-9535,Alpha Logistics,753453,APAC,help@alphalogistics.com
SUP-9537,Alpha Holdings,594078,APAC,help@alphaholdings.com
SUP-9538,Pinnacle.,494900,APAC,help@pinnacleenterprises.com
SUP-9539,Quantum .,169832,APAC,help@quantumlogistics.com
SUP-9540,ABC Group,430779,APAC,help@abcgroup.com
SUP-9541,XYZ Components,449773,APAC,help@xyzcomponents.com
SUP-9543,Alpha Industries,458388,APAC,help@alphaindustries.com
SUP-9544,ABC Corp,547180,APAC,help@abccorp.com
SUP-9547,Apex Group,259338,APAC,help@apexgroup.com
SUP-9549,Gamma In.,292913,APAC,help@gammaindustries.com
SUP-9554,Global Logistics,911259,APAC,help@globallogistics.com
SUP-9558,Innovate Solutions,862182,APAC,help@innovatesolutions.com
SUP-9559,Gamma Ho.,269999,APAC,help@gammaholdings.com
SUP-9560,Summit L.,312705,APAC,help@summitlogistics.com
SUP-9561,Dynamic Components,717466,APAC,help@dynamiccomponents.com
SUP-9562,Pinnacle Logistics,151295,APAC,help@pinnaclelogistics.com
SUP-9563,Future N.,151413,APAC,help@futurenetworks.com
SUP-9564,XYZ Netw.,577456,APAC,help@xyznetworks.com
SUP-9565,Apex Sol.,407057,APAC,help@apexsolutions.com
SUP-9567,XYZ Logi.,372273,APAC,help@xyzlogistics.com
SUP-9568,Pinnacle.,739008,APAC,help@pinnacleenterprises.com
SUP-9569,Beta Corp,450006,APAC,help@betacorp.com
SUP-9570,Tech Solutions,904291,APAC,help@techsolutions.com
SUP-9572,Summit Systems,584935,APAC,help@summitsystems.com
SUP-9573,ABC Holdings,318379,APAC,help@abcholdings.com
SUP-9575,Dynamic Logistics,384685,APAC,help@dynamiclogistics.com
SUP-9577,Alpha En.,456637,APAC,help@alphaenterprises.com
SUP-9578,Beta Ind.,581682,APAC,help@betaindustries.com
SUP-9580,Alpha Ne.,436467,APAC,help@alphanetworks.com
SUP-9581,Gamma Sy.,753205,APAC,help@gammasystems.com
SUP-9583,Alpha Systems,211072,APAC,help@alphasystems.com
SUP-9585,Beta Enterprises,952336,APAC,help@betaenterprises.com
SUP-9588,Tech Holdings,525392,APAC,help@techholdings.com
SUP-9589,Pinnacle.,350164,APAC,
SUP-9590,Quantum Group,670977,APAC,help@quantumgroup.com
SUP-9591,Summit Solutions,441183,APAC,help@summitsolutions.com
SUP-9592,Beta Networks,776320,APAC,help@betanetworks.com
SUP-9596,Alpha In.,132699,APAC,help@alphaindustries.com
SUP-9600,Gamma En.,503402,APAC,help@gammaenterprises.com
SUP-9601,XYZ Indu.,135087,APAC,help@xyzindustries.com
SUP-9606,Tech Net.,186518,APAC,help@technetworks.com
SUP-9608,Innovate.,608473,APAC,help@innovatesystems.com
SUP-9610,Gamma Co.,156964,APAC,help@gammacorp.com
SUP-9617,Tech Corp,159645,APAC,help@techcorp.com
SUP-9619,Beta Enterprises,825846,APAC,help@betaenterprises.com
SUP-9622,Beta Components,914992,APAC,
SUP-9626,Innovate.,897392,APAC,help@innovateindustries.com
SUP-9630,Apex Sol.,811016,APAC,help@apexsolutions.com
SUP-9632,Tech Sol.,975930,APAC,help@techsolutions.com
SUP-9633,Global Solutions,950941,APAC,help@globalsolutions.com
SUP-9634,Gamma Ho.,721894,APAC,help@gammaholdings.com
SUP-9638,Quantum .,741780,APAC,help@quantumcomponents.com
SUP-9641,Summit Systems,156652,APAC,
SUP-9644,Innovate.,202827,APAC,help@innovatecorp.com
SUP-9646,Global Holdings,233391,APAC,help@globalholdings.com
SUP-9648,Quantum .,998602,APAC,help@quantumindustries.com
SUP-9650,Gamma Networks,142004,APAC,help@gammanetworks.com
SUP-9652,Global S.,779099,APAC,help@globalsystems.com
SUP-9653,Quantum .,837290,APAC,help@quantumcomponents.com
SUP-9655,Quantum Industries,925954,APAC,help@quantumindustries.com
SUP-9656,ABC Holdings,483349,APAC,help@abcholdings.com
SUP-9658,XYZ Corp.,380345,APAC,help@xyzcorp.com
SUP-9660,Dynamic Solutions,191549,APAC,help@dynamicsolutions.com
SUP-9662,Pinnacle Systems,565420,APAC,help@pinnaclesystems.com
SUP-9664,Future I.,694806,APAC,help@futureindustries.com
SUP-9669,Summit Systems,263633,APAC,help@summitsystems.com
SUP-9671,Gamma Industries,521139,APAC,help@gammaindustries.com
SUP-9674,Innovate Group,487585,APAC,
SUP-9678,Quantum Systems,403524,APAC,help@quantumsystems.com
SUP-9682,XYZ Solutions,986340,APAC,help@xyzsolutions.com
SUP-9685,Future Holdings,200488,APAC,help@futureholdings.com
SUP-9686,Summit Group,207392,APAC,help@summitgroup.com
SUP-9689,Dynamic .,130156,APAC,help@dynamicholdings.com
SUP-9690,Gamma So.,181511,APAC,help@gammasolutions.com
SUP-9694,Beta Solutions,654527,APAC,help@betasolutions.com
SUP-9696,Gamma Ho.,639231,APAC,help@gammaholdings.com
SUP-9702,Global Group,893041,APAC,
SUP-9706,Pinnacle Enterprises,794255,APAC,help@pinnacleenterprises.com
SUP-9711,Innovate Logistics,719145,APAC,help@innovatelogistics.com
SUP-9712,ABC Hold.,461908,APAC,help@abcholdings.com
SUP-9715,Apex Net.,947591,APAC,
SUP-9716,ABC Holdings,480983,APAC,help@abcholdings.com
SUP-9717,Tech Components,943687,APAC,help@techcomponents.com
SUP-9721,Global E.,693616,APAC,help@globalenterprises.com
SUP-9722,ABC Logi.,970542,APAC,help@abclogistics.com
SUP-9724,Summit Enterprises,778346,APAC,help@summitenterprises.com
SUP-9725,Pinnacle Systems,920231,APAC,
SUP-9727,Pinnacle Networks,194632,APAC,help@pinnaclenetworks.com
SUP-9733,Tech Cor.,762021,APAC,help@techcorp.com
SUP-9736,Gamma En.,309794,APAC,help@gammaenterprises.com
SUP-9737,Dynamic .,931145,APAC,help@dynamicsystems.com
SUP-9740,Summit Corp,152201,APAC,help@summitcorp.com
SUP-9743,Future L.,528368,APAC,help@futurelogistics.com
SUP-9750,Pinnacle Holdings,430870,APAC,help@pinnacleholdings.com
SUP-9751,Dynamic .,157217,APAC,help@dynamicenterprises.com
SUP-9754,Quantum .,651567,APAC,help@quantumnetworks.com
SUP-9755,Innovate.,513316,APAC,help@innovatecomponents.com
SUP-9757,Summit H.,151047,APAC,
SUP-9758,Apex Solutions,351742,APAC,help@apexsolutions.com
SUP-9759,Dynamic Systems,940014,APAC,help@dynamicsystems.com
SUP-9761,Beta Gro.,555193,APAC,help@betagroup.com
SUP-9763,Gamma Sy.,648501,APAC,help@gammasystems.com
SUP-9764,Apex Group,472724,APAC,help@apexgroup.com
SUP-9769,Beta Sys.,217348,APAC,help@betasystems.com
SUP-9770,Gamma Co.,190275,APAC,help@gammacorp.com
SUP-9774,ABC Enterprises,653971,APAC,help@abcenterprises.com
SUP-9778,ABC Hold.,752048,APAC,help@abcholdings.com
SUP-9780,Innovate.,283201,APAC,help@innovatelogistics.com
SUP-9784,Innovate Systems,898977,APAC,help@innovatesystems.com
SUP-9786,Tech Industries,490527,APAC,help@techindustries.com
SUP-9803,Pinnacle Solutions,134191,APAC,help@pinnaclesolutions.com
SUP-9808,Gamma Systems,898678,APAC,help@gammasystems.com
SUP-9812,Pinnacle.,226126,APAC,
SUP-9813,Future N.,521315,APAC,help@futurenetworks.com
SUP-9814,Pinnacle Holdings,220213,APAC,help@pinnacleholdings.com
SUP-9815,Apex Sys.,290272,APAC,
SUP-9817,Pinnacle Group,433799,APAC,
SUP-9818,Alpha Logistics,358281,APAC,help@alphalogistics.com
SUP-9820,Apex Industries,952118,APAC,help@apexindustries.com
SUP-9824,Tech Corp,582134,APAC,help@techcorp.com
SUP-9826,Pinnacle.,470141,APAC,help@pinnaclecomponents.com
SUP-9830,Summit Systems,168535,APAC,
SUP-9833,Beta Ind.,642383,APAC,help@betaindustries.com
SUP-9845,Tech Networks,254569,APAC,help@technetworks.com
SUP-9849,Summit Corp,826894,APAC,
SUP-9850,Innovate.,966212,APAC,help@innovategroup.com
SUP-9852,Innovate Industries,122536,APAC,help@innovateindustries.com
SUP-9854,Pinnacle.,224249,APAC,help@pinnaclenetworks.com
SUP-9855,Quantum .,900149,APAC,help@quantumgroup.com
SUP-9860,Apex Networks,366893,APAC,help@apexnetworks.com
SUP-9862,Innovate.,563143,APAC,
SUP-9864,Innovate Corp,881410,APAC,help@innovatecorp.com
SUP-9866,Apex Net.,516814,APAC,help@apexnetworks.com
SUP-9868,Summit Enterprises,245699,APAC,
SUP-9871,Apex Group,166803,APAC,help@apexgroup.com
SUP-9872,Tech Sol.,133616,APAC,
SUP-9874,Gamma Holdings,216123,APAC,
SUP-9877,Global Industries,582559,APAC,help@globalindustries.com
SUP-9879,Summit Group,512668,APAC,help@summitgroup.com
SUP-9880,Beta Cor.,486643,APAC,help@betacorp.com
SUP-9881,Pinnacle Components,769900,APAC,
SUP-9886,Summit Components,509593,APAC,help@summitcomponents.com
SUP-9887,Global H.,116817,APAC,help@globalholdings.com
SUP-9888,Global Solutions,146150,APAC,help@globalsolutions.com
SUP-9894,Quantum Enterprises,627874,APAC,
SUP-9895,Tech Cor.,749871,APAC,help@techcorp.com
SUP-9897,Pinnacle.,340134,APAC,
SUP-9898,Global C.,292461,APAC,help@globalcorp.com
SUP-9900,Summit Logistics,356822,APAC,
SUP-9903,Tech Networks,369789,APAC,help@technetworks.com
SUP-9904,Gamma En.,104383,APAC,help@gammaenterprises.com
SUP-9910,Alpha Solutions,516983,APAC,
SUP-9914,Apex Logistics,492850,APAC,help@apexlogistics.com
SUP-9916,Quantum .,189870,APAC,help@quantumsolutions.com
SUP-9917,Dynamic Solutions,888318,APAC,help@dynamicsolutions.com
SUP-9918,Quantum Industries,596219,APAC,help@quantumindustries.com
SUP-9922,Future H.,147976,APAC,help@futureholdings.com
SUP-9925,Beta Log.,276216,APAC,help@betalogistics.com
SUP-9926,ABC Solu.,268018,APAC,help@abcsolutions.com
SUP-9928,Dynamic Networks,495323,APAC,help@dynamicnetworks.com
SUP-9930,Global Solutions,994781,APAC,help@globalsolutions.com
SUP-9933,Summit Systems,727971,APAC,help@summitsystems.com
SUP-9934,Summit Corp,161669,APAC,
SUP-9939,Summit Enterprises,319955,APAC,help@summitenterprises.com
SUP-9940,ABC Systems,812449,APAC,help@abcsystems.com
SUP-9943,Apex Sol.,388584,APAC,help@apexsolutions.com
SUP-9944,ABC Indu.,387021,APAC,help@abcindustries.com
SUP-9947,Beta Cor.,105582,APAC,help@betacorp.com
SUP-9948,Gamma Solutions,188720,APAC,help@gammasolutions.com
SUP-9950,Pinnacle.,821347,APAC,help@pinnacleholdings.com
SUP-9956,Innovate.,915866,APAC,help@innovatesolutions.com
SUP-9958,Dynamic .,834480,APAC,help@dynamicenterprises.com
SUP-9963,Innovate Solutions,198181,APAC,
SUP-9971,Innovate.,466709,APAC,help@innovatelogistics.com
SUP-9972,Pinnacle.,107246,APAC,help@pinnaclesystems.com
SUP-9974,Alpha Ho.,398739,APAC,help@alphaholdings.com
SUP-9975,Summit Logistics,676846,APAC,
SUP-9976,Pinnacle Group,931219,APAC,help@pinnaclegroup.com
SUP-9979,Global Group,835203,APAC,help@globalgroup.com
SUP-9982,Global H.,634630,APAC,help@globalholdings.com
SUP-9983,Apex Cor.,290580,APAC,help@apexcorp.com
SUP-9986,Quantum Holdings,320235,APAC,help@quantumholdings.com
SUP-9987,Quantum .,203428,APAC,help@quantumcorp.com
SUP-9990,Gamma Networks,403726,APAC,help@gammanetworks.com
SUP-9996,Innovate Holdings,857155,APAC,help@innovateholdings.com
